"id","panelid","seqno","zone","alarm","createtime","receivedtime","comment","status","sendtoclient","closedBy","closedtime","sendip","alerttype","location","priority"
"10905997","666666","0346","110","RO","2018-10-16 14:46:34","2018-10-16 14:56:27",NULL,"O",NULL,NULL,NULL,NULL,NULL,NULL,NULL
"10906019","666666","0347","110","RO","2018-10-16 14:46:34","2018-10-16 14:56:52",NULL,"O",NULL,NULL,NULL,NULL,NULL,NULL,NULL
"10906023","666666","0348","110","RO","2018-10-16 14:46:34","2018-10-16 14:56:55",NULL,"O",NULL,NULL,NULL,NULL,NULL,NULL,NULL
"10906131","666666","0349","110","RO","2018-10-16 14:46:34","2018-10-16 14:59:02",NULL,"O",NULL,NULL,NULL,NULL,NULL,NULL,NULL
"10906233","666666","0350","110","RO","2018-10-16 14:46:34","2018-10-16 15:01:09",NULL,"O",NULL,NULL,NULL,NULL,NULL,NULL,NULL
"10906313","666666","0351","180","BA","2018-10-16 15:02:33","2018-10-16 15:02:34",NULL,"O",NULL,NULL,NULL,NULL,NULL,NULL,NULL
"10906322","666666","0352","180","BA","2018-10-16 15:02:36","2018-10-16 15:02:43",NULL,"O",NULL,NULL,NULL,NULL,NULL,NULL,NULL
"10906384","666666","0353","023","BR","2018-10-16 15:04:01","2018-10-16 15:04:02",NULL,"O",NULL,NULL,NULL,NULL,NULL,NULL,NULL
"10906388","666666","0354","023","BA","2018-10-16 15:04:01","2018-10-16 15:04:05",NULL,"O",NULL,NULL,NULL,NULL,NULL,NULL,NULL
"10906393","666666","0355","100","RC","2018-10-16 15:04:01","2018-10-16 15:04:07",NULL,"O",NULL,NULL,NULL,NULL,NULL,NULL,NULL
"10906396","666666","0356","023","BR","2018-10-16 15:04:01","2018-10-16 15:04:10",NULL,"O",NULL,NULL,NULL,NULL,NULL,NULL,NULL
"10906400","666666","0357","023","BA","2018-10-16 15:04:01","2018-10-16 15:04:12",NULL,"O",NULL,NULL,NULL,NULL,NULL,NULL,NULL
"10906402","666666","0358","100","RO","2018-10-16 15:04:12","2018-10-16 15:04:14",NULL,"O",NULL,NULL,NULL,NULL,NULL,NULL,NULL
"10906940","666666","0360","023","BA","2018-10-16 15:13:03","2018-10-16 15:13:11",NULL,"O",NULL,NULL,NULL,NULL,NULL,NULL,NULL
"10906943","666666","0361","100","RC","2018-10-16 15:13:03","2018-10-16 15:13:13",NULL,"O",NULL,NULL,NULL,NULL,NULL,NULL,NULL
"10906947","666666","0362","100","RO","2018-10-16 15:13:14","2018-10-16 15:13:15",NULL,"O",NULL,NULL,NULL,NULL,NULL,NULL,NULL
"10906948","666666","0359","023","BR","2018-10-16 15:13:02","2018-10-16 15:13:18",NULL,"O",NULL,NULL,NULL,NULL,NULL,NULL,NULL
"10907155","666666","0367","023","BR","2018-10-16 15:16:51","2018-10-16 15:17:18",NULL,"O",NULL,NULL,NULL,NULL,NULL,NULL,NULL
"10907158","666666","0368","023","BA","2018-10-16 15:16:59","2018-10-16 15:17:21",NULL,"O","S",NULL,NULL,"192.168.0.51","Tamper Switch","0","R"
"10907176","666666","0369","100","RO","2018-10-16 15:17:10","2018-10-16 15:17:33",NULL,"O",NULL,NULL,NULL,NULL,NULL,NULL,NULL
"10907180","666666","0364","023","BR","2018-10-16 15:16:34","2018-10-16 15:17:35",NULL,"O",NULL,NULL,NULL,NULL,NULL,NULL,NULL
"10907201","666666","0365","023","BA","2018-10-16 15:16:50","2018-10-16 15:17:54","css engineer on site","C","S","SURAJ","2018-10-16 15:23:43","192.168.0.51","Tamper Switch","0","R"
"10907213","666666","0366","100","RC","2018-10-16 15:16:50","2018-10-16 15:18:06",NULL,"O",NULL,NULL,NULL,NULL,NULL,NULL,NULL
"10907338","666666","0370","023","BR","2018-10-16 15:20:12","2018-10-16 15:20:17",NULL,"O",NULL,NULL,NULL,NULL,NULL,NULL,NULL
"10907381","666666","0371","023","BA","2018-10-16 15:20:53","2018-10-16 15:21:01",NULL,"O","S",NULL,NULL,"192.168.0.51","Tamper Switch","0","R"
"10907384","666666","0372","100","RC","2018-10-16 15:20:53","2018-10-16 15:21:04",NULL,"O",NULL,NULL,NULL,NULL,NULL,NULL,NULL
"10907388","666666","0373","023","BR","2018-10-16 15:20:55","2018-10-16 15:21:06",NULL,"O",NULL,NULL,NULL,NULL,NULL,NULL,NULL
"10907392","666666","0374","023","BA","2018-10-16 15:20:55","2018-10-16 15:21:08",NULL,"O","S",NULL,NULL,"192.168.0.51","Tamper Switch","0","R"
"10907394","666666","0375","023","BR","2018-10-16 15:20:57","2018-10-16 15:21:11",NULL,"O",NULL,NULL,NULL,NULL,NULL,NULL,NULL
"10907396","666666","0376","023","BA","2018-10-16 15:20:59","2018-10-16 15:21:13",NULL,"O","S",NULL,NULL,"192.168.0.51","Tamper Switch","0","R"
"10907401","666666","0377","100","RO","2018-10-16 15:21:14","2018-10-16 15:21:18",NULL,"O",NULL,NULL,NULL,NULL,NULL,NULL,NULL
"10907566","666666","0378","180","BA","2018-10-16 15:23:47","2018-10-16 15:23:50",NULL,"O",NULL,NULL,NULL,NULL,NULL,NULL,NULL
"10907579","666666","0379","003","BA","2018-10-16 15:24:02","2018-10-16 15:24:05","css engineer on site","C","S","SURAJ","2018-10-16 15:25:00","192.168.0.51","Panic Switch","0","R"
"10907583","666666","0380","100","RC","2018-10-16 15:24:02","2018-10-16 15:24:08",NULL,"O",NULL,NULL,NULL,NULL,NULL,NULL,NULL
"10907586","666666","0381","003","BR","2018-10-16 15:24:03","2018-10-16 15:24:10",NULL,"O",NULL,NULL,NULL,NULL,NULL,NULL,NULL
"10907588","666666","0382","003","BA","2018-10-16 15:24:06","2018-10-16 15:24:12",NULL,"O","S",NULL,NULL,"192.168.0.51","Panic Switch","0","R"
"10907600","666666","0385","003","BR","2018-10-16 15:24:17","2018-10-16 15:24:28",NULL,"O",NULL,NULL,NULL,NULL,NULL,NULL,NULL
"10907603","666666","0386","100","RO","2018-10-16 15:24:25","2018-10-16 15:24:30",NULL,"O",NULL,NULL,NULL,NULL,NULL,NULL,NULL
"10907605","666666","0383","003","BR","2018-10-16 15:24:09","2018-10-16 15:24:32",NULL,"O",NULL,NULL,NULL,NULL,NULL,NULL,NULL
"10907616","666666","0384","003","BA","2018-10-16 15:24:14","2018-10-16 15:24:43",NULL,"O","S",NULL,NULL,"192.168.0.51","Panic Switch","0","R"
"10907630","666666","0387","002","BA","2018-10-16 15:24:53","2018-10-16 15:24:56",NULL,"O","S",NULL,NULL,"192.168.0.51","Glass break sensor","0","R"
"10907632","666666","0388","100","RC","2018-10-16 15:24:53","2018-10-16 15:24:58",NULL,"O",NULL,NULL,NULL,NULL,NULL,NULL,NULL
"10907635","666666","0389","002","BR","2018-10-16 15:24:53","2018-10-16 15:25:00",NULL,"O",NULL,NULL,NULL,NULL,NULL,NULL,NULL
"10907638","666666","0390","002","BA","2018-10-16 15:24:53","2018-10-16 15:25:02",NULL,"O","S",NULL,NULL,"192.168.0.51","Glass break sensor","0","R"
"10907642","666666","0391","002","BR","2018-10-16 15:24:53","2018-10-16 15:25:05",NULL,"O",NULL,NULL,NULL,NULL,NULL,NULL,NULL
"10907645","666666","0392","002","BA","2018-10-16 15:24:53","2018-10-16 15:25:07",NULL,"O","S",NULL,NULL,"192.168.0.51","Glass break sensor","0","R"
"10907646","666666","0393","002","BR","2018-10-16 15:24:53","2018-10-16 15:25:09",NULL,"O",NULL,NULL,NULL,NULL,NULL,NULL,NULL
"10907650","666666","0394","002","BA","2018-10-16 15:24:53","2018-10-16 15:25:11",NULL,"O","S",NULL,NULL,"192.168.0.51","Glass break sensor","0","R"
"10907652","666666","0395","002","BR","2018-10-16 15:24:53","2018-10-16 15:25:14",NULL,"O",NULL,NULL,NULL,NULL,NULL,NULL,NULL
"10907655","666666","0396","002","BA","2018-10-16 15:24:54","2018-10-16 15:25:16",NULL,"O","S",NULL,NULL,"192.168.0.51","Glass break sensor","0","R"
"10907657","666666","0397","002","BR","2018-10-16 15:24:54","2018-10-16 15:25:18",NULL,"O",NULL,NULL,NULL,NULL,NULL,NULL,NULL
"10907659","666666","0398","002","BA","2018-10-16 15:24:54","2018-10-16 15:25:20",NULL,"O","S",NULL,NULL,"192.168.0.51","Glass break sensor","0","R"
"10907662","666666","0399","002","BR","2018-10-16 15:24:54","2018-10-16 15:25:23",NULL,"O",NULL,NULL,NULL,NULL,NULL,NULL,NULL
"10907665","666666","0400","002","BA","2018-10-16 15:24:54","2018-10-16 15:25:25",NULL,"O","S",NULL,NULL,"192.168.0.51","Glass break sensor","0","R"
"10907666","666666","0401","002","BR","2018-10-16 15:24:54","2018-10-16 15:25:27",NULL,"O",NULL,NULL,NULL,NULL,NULL,NULL,NULL
"10907671","666666","0402","002","BA","2018-10-16 15:24:54","2018-10-16 15:25:30",NULL,"O","S",NULL,NULL,"192.168.0.51","Glass break sensor","0","R"
"10907675","666666","0403","002","BR","2018-10-16 15:24:54","2018-10-16 15:25:32",NULL,"O",NULL,NULL,NULL,NULL,NULL,NULL,NULL
"10907677","666666","0404","002","BA","2018-10-16 15:24:54","2018-10-16 15:25:34",NULL,"O","S",NULL,NULL,"192.168.0.51","Glass break sensor","0","R"
"10907682","666666","0405","002","BR","2018-10-16 15:24:54","2018-10-16 15:25:36",NULL,"O",NULL,NULL,NULL,NULL,NULL,NULL,NULL
"10907683","666666","0406","002","BA","2018-10-16 15:24:59","2018-10-16 15:25:39",NULL,"O","S",NULL,NULL,"192.168.0.51","Glass break sensor","0","R"
"10907686","666666","0407","002","BR","2018-10-16 15:24:59","2018-10-16 15:25:41",NULL,"O",NULL,NULL,NULL,NULL,NULL,NULL,NULL
"10907688","666666","0408","002","BA","2018-10-16 15:24:59","2018-10-16 15:25:43",NULL,"O","S",NULL,NULL,"192.168.0.51","Glass break sensor","0","R"
"10907692","666666","0409","002","BR","2018-10-16 15:24:59","2018-10-16 15:25:45",NULL,"O",NULL,NULL,NULL,NULL,NULL,NULL,NULL
"10907696","666666","0410","002","BA","2018-10-16 15:24:59","2018-10-16 15:25:48",NULL,"O","S",NULL,NULL,"192.168.0.51","Glass break sensor","0","R"
"10907701","666666","0411","002","BR","2018-10-16 15:24:59","2018-10-16 15:25:50",NULL,"O",NULL,NULL,NULL,NULL,NULL,NULL,NULL
"10907704","666666","0412","002","BA","2018-10-16 15:25:00","2018-10-16 15:25:52",NULL,"O","S",NULL,NULL,"192.168.0.51","Glass break sensor","0","R"
"10907708","666666","0413","002","BR","2018-10-16 15:25:00","2018-10-16 15:25:55",NULL,"O",NULL,NULL,NULL,NULL,NULL,NULL,NULL
"10907711","666666","0414","002","BA","2018-10-16 15:25:04","2018-10-16 15:25:57",NULL,"O","S",NULL,NULL,"192.168.0.51","Glass break sensor","0","R"
"10907713","666666","0415","002","BR","2018-10-16 15:25:04","2018-10-16 15:25:59",NULL,"O",NULL,NULL,NULL,NULL,NULL,NULL,NULL
"10907719","666666","0416","002","BA","2018-10-16 15:25:05","2018-10-16 15:26:01",NULL,"O","S",NULL,NULL,"192.168.0.51","Glass break sensor","0","R"
"10907807","666666","0424","002","BR","2018-10-16 15:25:10","2018-10-16 15:27:04",NULL,"O",NULL,NULL,NULL,NULL,NULL,NULL,NULL
"10907816","666666","0425","100","RO","2018-10-16 15:25:16","2018-10-16 15:27:11",NULL,"O",NULL,NULL,NULL,NULL,NULL,NULL,NULL
"10907846","666666","0427","023","BA","2018-10-16 15:25:46","2018-10-16 15:27:36",NULL,"O","S",NULL,NULL,"192.168.0.51","Tamper Switch","0","R"
"10907854","666666","0429","100","RO","2018-10-16 15:25:57","2018-10-16 15:27:43",NULL,"O",NULL,NULL,NULL,NULL,NULL,NULL,NULL
"10907863","666666","0430","002","BA","2018-10-16 15:26:47","2018-10-16 15:27:52",NULL,"O","S",NULL,NULL,"192.168.0.51","Glass break sensor","0","R"
"10907890","666666","0436","023","BR","2018-10-16 15:28:16","2018-10-16 15:28:20",NULL,"O",NULL,NULL,NULL,NULL,NULL,NULL,NULL
"10907897","666666","0437","023","BA","2018-10-16 15:28:16","2018-10-16 15:28:26",NULL,"O","S",NULL,NULL,"192.168.0.51","Tamper Switch","0","R"
"10907902","666666","0438","100","RC","2018-10-16 15:28:16","2018-10-16 15:28:29",NULL,"O",NULL,NULL,NULL,NULL,NULL,NULL,NULL
"10907915","666666","0439","100","RO","2018-10-16 15:28:27","2018-10-16 15:28:39",NULL,"O",NULL,NULL,NULL,NULL,NULL,NULL,NULL
"10907921","666666","0417","002","BR","2018-10-16 15:25:05","2018-10-16 15:28:44",NULL,"O",NULL,NULL,NULL,NULL,NULL,NULL,NULL
"10907930","666666","0418","002","BA","2018-10-16 15:25:05","2018-10-16 15:28:53",NULL,"O","S",NULL,NULL,"192.168.0.51","Glass break sensor","0","R"
"10907943","666666","0419","002","BR","2018-10-16 15:25:05","2018-10-16 15:29:04",NULL,"O",NULL,NULL,NULL,NULL,NULL,NULL,NULL
"10907955","666666","0420","002","BA","2018-10-16 15:25:05","2018-10-16 15:29:13",NULL,"O","S",NULL,NULL,"192.168.0.51","Glass break sensor","0","R"
"10907965","666666","0421","002","BR","2018-10-16 15:25:05","2018-10-16 15:29:24",NULL,"O",NULL,NULL,NULL,NULL,NULL,NULL,NULL
"10907982","666666","0423","002","BA","2018-10-16 15:25:05","2018-10-16 15:29:35",NULL,"O","S",NULL,NULL,"192.168.0.51","Glass break sensor","0","R"
"10907994","666666","0426","023","BR","2018-10-16 15:25:46","2018-10-16 15:29:45",NULL,"O",NULL,NULL,NULL,NULL,NULL,NULL,NULL
"10908005","666666","0427","023","BA","2018-10-16 15:25:46","2018-10-16 15:29:55",NULL,"O","S",NULL,NULL,"192.168.0.51","Tamper Switch","0","R"
"10908108","666666","0428","100","RC","2018-10-16 15:25:46","2018-10-16 15:31:19",NULL,"O",NULL,NULL,NULL,NULL,NULL,NULL,NULL
"10908123","666666","0429","100","RO","2018-10-16 15:25:57","2018-10-16 15:31:33",NULL,"O",NULL,NULL,NULL,NULL,NULL,NULL,NULL
"10908126","666666","0430","002","BA","2018-10-16 15:26:47","2018-10-16 15:31:37",NULL,"O","S",NULL,NULL,"192.168.0.51","Glass break sensor","0","R"
"10908138","666666","0431","100","RC","2018-10-16 15:26:47","2018-10-16 15:31:47",NULL,"O",NULL,NULL,NULL,NULL,NULL,NULL,NULL
"10908151","666666","0432","002","BR","2018-10-16 15:26:52","2018-10-16 15:31:57",NULL,"O",NULL,NULL,NULL,NULL,NULL,NULL,NULL
"10908167","666666","0433","002","BA","2018-10-16 15:26:52","2018-10-16 15:32:08",NULL,"O","S",NULL,NULL,"192.168.0.51","Glass break sensor","0","R"
"10908178","666666","0434","002","BR","2018-10-16 15:26:52","2018-10-16 15:32:18",NULL,"O",NULL,NULL,NULL,NULL,NULL,NULL,NULL
"10908192","666666","0435","100","RO","2018-10-16 15:27:07","2018-10-16 15:32:29",NULL,"O",NULL,NULL,NULL,NULL,NULL,NULL,NULL
"10909476","666666","0445","110","RO","2018-10-16 15:47:02","2018-10-16 15:54:43",NULL,"O",NULL,NULL,NULL,NULL,NULL,NULL,NULL
"10909486","666666","0440","110","RC","2018-10-16 15:46:57","2018-10-16 15:54:50",NULL,"O",NULL,NULL,NULL,NULL,NULL,NULL,NULL
"10911866","666666","0017","195","BA","2018-10-16 16:18:20","2018-10-16 16:18:28",NULL,"O",NULL,NULL,NULL,NULL,NULL,NULL,NULL
"10911987","666666","0018","180","BA","2018-10-16 16:19:55","2018-10-16 16:20:03",NULL,"O",NULL,NULL,NULL,NULL,NULL,NULL,NULL
"10912146","666666","0019","180","BA","2018-10-16 16:19:55","2018-10-16 16:22:11",NULL,"O",NULL,NULL,NULL,NULL,NULL,NULL,NULL
"10914116","666666","0020","174","BR","2018-10-16 16:47:01","2018-10-16 16:47:08",NULL,"O",NULL,NULL,NULL,NULL,NULL,NULL,NULL
"10914622","666666","0028","174","BA","2018-10-16 16:52:19","2018-10-16 16:52:38",NULL,"O",NULL,NULL,NULL,NULL,NULL,NULL,NULL
"10915884","666666","0013","174","BA","2018-10-16 17:06:34","2018-10-16 17:07:29",NULL,"O",NULL,NULL,NULL,NULL,NULL,NULL,NULL
"10915907","666666","0016","100","RC","2018-10-16 17:06:59","2018-10-16 17:07:44",NULL,"O",NULL,NULL,NULL,NULL,NULL,NULL,NULL
"10915912","666666","0017","003","BR","2018-10-16 17:06:59","2018-10-16 17:07:47",NULL,"O",NULL,NULL,NULL,NULL,NULL,NULL,NULL
"10915918","666666","0018","003","BA","2018-10-16 17:06:59","2018-10-16 17:07:49","CSS Engineer on site","C","S","SURAJ","2018-10-16 17:09:56","192.168.0.51","Panic Switch","0","R"
"10915922","666666","0019","003","BR","2018-10-16 17:06:59","2018-10-16 17:07:51",NULL,"O",NULL,NULL,NULL,NULL,NULL,NULL,NULL
"10915926","666666","0020","003","BA","2018-10-16 17:06:59","2018-10-16 17:07:54","CSS Engineer on site","C","S","SURAJ","2018-10-16 17:10:18","192.168.0.51","Panic Switch","0","R"
"10915955","666666","0023","003","BR","2018-10-16 17:06:59","2018-10-16 17:08:09",NULL,"O",NULL,NULL,NULL,NULL,NULL,NULL,NULL
"10915983","666666","0026","003","BA","2018-10-16 17:06:59","2018-10-16 17:08:25","No Issue found after video verification","C","S","RAJ","2018-10-17 07:42:49","192.168.0.51","Panic Switch","0","R"
"10915988","666666","0027","003","BR","2018-10-16 17:06:59","2018-10-16 17:08:27",NULL,"O",NULL,NULL,NULL,NULL,NULL,NULL,NULL
"10915993","666666","0028","003","BA","2018-10-16 17:06:59","2018-10-16 17:08:30","No Issue found after video verification","C","S","RAJ","2018-10-17 07:42:42","192.168.0.51","Panic Switch","0","R"
"10915997","666666","0029","003","BR","2018-10-16 17:07:00","2018-10-16 17:08:32",NULL,"O",NULL,NULL,NULL,NULL,NULL,NULL,NULL
"10916000","666666","0030","003","BA","2018-10-16 17:07:00","2018-10-16 17:08:34","No Issue found after video verification","C","S","RAJ","2018-10-17 07:42:26","192.168.0.51","Panic Switch","0","R"
"10916006","666666","0031","003","BR","2018-10-16 17:07:00","2018-10-16 17:08:37",NULL,"O",NULL,NULL,NULL,NULL,NULL,NULL,NULL
"10916011","666666","0032","003","BA","2018-10-16 17:07:00","2018-10-16 17:08:39","No Issue found after video verification","C","S","RAJ","2018-10-17 07:42:33","192.168.0.51","Panic Switch","0","R"
"10916016","666666","0033","003","BR","2018-10-16 17:07:00","2018-10-16 17:08:41",NULL,"O",NULL,NULL,NULL,NULL,NULL,NULL,NULL
"10916020","666666","0034","003","BA","2018-10-16 17:07:00","2018-10-16 17:08:44","No Issue found after video verification","C","S","RAJ","2018-10-17 07:42:21","192.168.0.51","Panic Switch","0","R"
"10916023","666666","0035","003","BR","2018-10-16 17:07:00","2018-10-16 17:08:46",NULL,"O",NULL,NULL,NULL,NULL,NULL,NULL,NULL
"10916026","666666","0036","003","BA","2018-10-16 17:07:00","2018-10-16 17:08:49","No Issue found after video verification","C","S","RAJ","2018-10-17 07:42:15","192.168.0.51","Panic Switch","0","R"
"10916029","666666","0037","003","BR","2018-10-16 17:07:00","2018-10-16 17:08:51",NULL,"O",NULL,NULL,NULL,NULL,NULL,NULL,NULL
"10916031","666666","0038","003","BA","2018-10-16 17:07:00","2018-10-16 17:08:53","No Issue found after video verification","C","S","RAJ","2018-10-17 07:42:08","192.168.0.51","Panic Switch","0","R"
"10916038","666666","0039","003","BR","2018-10-16 17:07:00","2018-10-16 17:08:56",NULL,"O",NULL,NULL,NULL,NULL,NULL,NULL,NULL
"10916040","666666","0040","003","BA","2018-10-16 17:07:00","2018-10-16 17:08:58","No Issue found after video verification","C","S","RAJ","2018-10-17 07:42:56","192.168.0.51","Panic Switch","0","R"
"10916043","666666","0041","003","BR","2018-10-16 17:07:00","2018-10-16 17:09:00",NULL,"O",NULL,NULL,NULL,NULL,NULL,NULL,NULL
"10916048","666666","0042","003","BA","2018-10-16 17:07:00","2018-10-16 17:09:03","No Issue found after video verification","C","S","RAJ","2018-10-17 07:41:54","192.168.0.51","Panic Switch","0","R"
"10916051","666666","0043","100","RO","2018-10-16 17:07:11","2018-10-16 17:09:05",NULL,"O",NULL,NULL,NULL,NULL,NULL,NULL,NULL
"10916055","666666","0044","003","BR","2018-10-16 17:08:51","2018-10-16 17:09:07",NULL,"O",NULL,NULL,NULL,NULL,NULL,NULL,NULL
"10916059","666666","0045","003","BA","2018-10-16 17:08:51","2018-10-16 17:09:10","No Issue found after video verification","C","S","RAJ","2018-10-17 07:42:01","192.168.0.51","Panic Switch","0","R"
"10916063","666666","0046","100","RC","2018-10-16 17:08:51","2018-10-16 17:09:12",NULL,"O",NULL,NULL,NULL,NULL,NULL,NULL,NULL
"10916068","666666","0047","180","BA","2018-10-16 17:08:59","2018-10-16 17:09:14",NULL,"O",NULL,NULL,NULL,NULL,NULL,NULL,NULL
"10916071","666666","0048","100","RO","2018-10-16 17:09:02","2018-10-16 17:09:16",NULL,"O",NULL,NULL,NULL,NULL,NULL,NULL,NULL
"10916102","666666","0049","195","BA","2018-10-16 17:09:32","2018-10-16 17:09:42",NULL,"O",NULL,NULL,NULL,NULL,NULL,NULL,NULL
"10917651","666666","0050","110","RC","2018-10-16 17:25:58","2018-10-16 17:29:16",NULL,"O",NULL,NULL,NULL,NULL,NULL,NULL,NULL
"10917655","666666","0051","110","RO","2018-10-16 17:26:03","2018-10-16 17:29:19",NULL,"O",NULL,NULL,NULL,NULL,NULL,NULL,NULL
"10918522","666666","0052","021","BR","2018-10-16 17:37:08","2018-10-16 17:40:57",NULL,"O",NULL,NULL,NULL,NULL,NULL,NULL,NULL
"10918523","666666","0053","021","BA","2018-10-16 17:40:46","2018-10-16 17:40:59","No Issue found after video verification","C","S","RAJ","2018-10-17 07:41:38","192.168.0.51","Backroom door","0","R"
"10918528","666666","0054","100","RC","2018-10-16 17:40:46","2018-10-16 17:41:01",NULL,"O",NULL,NULL,NULL,NULL,NULL,NULL,NULL
"10918535","666666","0055","100","RO","2018-10-16 17:40:57","2018-10-16 17:41:07",NULL,"O",NULL,NULL,NULL,NULL,NULL,NULL,NULL
"10921954","666666","0056","023","BR","2018-10-16 18:24:13","2018-10-16 18:24:33",NULL,"O",NULL,NULL,NULL,NULL,NULL,NULL,NULL
"10921958","666666","0057","023","BA","2018-10-16 18:24:16","2018-10-16 18:24:35","No Issue found after video verification","C","S","RAJ","2018-10-17 07:41:47","192.168.0.51","Tamper Switch","0","R"
"10921961","666666","0058","100","RC","2018-10-16 18:24:16","2018-10-16 18:24:37",NULL,"O",NULL,NULL,NULL,NULL,NULL,NULL,NULL
"10921966","666666","0059","023","BR","2018-10-16 18:24:16","2018-10-16 18:24:39",NULL,"O",NULL,NULL,NULL,NULL,NULL,NULL,NULL
"10921968","666666","0060","023","BA","2018-10-16 18:24:17","2018-10-16 18:24:41","No Issue found after video verification","C","S","RAJ","2018-10-17 07:41:31","192.168.0.51","Tamper Switch","0","R"
"10921971","666666","0061","023","BR","2018-10-16 18:24:17","2018-10-16 18:24:43",NULL,"O",NULL,NULL,NULL,NULL,NULL,NULL,NULL
"10921974","666666","0062","023","BA","2018-10-16 18:24:17","2018-10-16 18:24:46","No Issue found after video verification","C","S","RAJ","2018-10-17 07:41:09","192.168.0.51","Tamper Switch","0","R"
"10921979","666666","0063","023","BR","2018-10-16 18:24:17","2018-10-16 18:24:48",NULL,"O",NULL,NULL,NULL,NULL,NULL,NULL,NULL
"10921981","666666","0064","100","RO","2018-10-16 18:24:28","2018-10-16 18:24:50",NULL,"O",NULL,NULL,NULL,NULL,NULL,NULL,NULL
"10923787","666666","0065","002","BA","2018-10-16 18:50:07","2018-10-16 18:50:24","No Issue found after video verification","C","S","RAJ","2018-10-17 07:41:18","192.168.0.51","Glass break sensor","0","R"
"10923790","666666","0066","100","RC","2018-10-16 18:50:07","2018-10-16 18:50:26",NULL,"O",NULL,NULL,NULL,NULL,NULL,NULL,NULL
"10923791","666666","0067","002","BR","2018-10-16 18:50:07","2018-10-16 18:50:28",NULL,"O",NULL,NULL,NULL,NULL,NULL,NULL,NULL
"10923794","666666","0068","002","BA","2018-10-16 18:50:07","2018-10-16 18:50:30","No Issue found after video verification","C","S","RAJ","2018-10-17 07:40:56","192.168.0.51","Glass break sensor","0","R"
"10923798","666666","0069","002","BR","2018-10-16 18:50:07","2018-10-16 18:50:32",NULL,"O",NULL,NULL,NULL,NULL,NULL,NULL,NULL
"10923799","666666","0070","002","BA","2018-10-16 18:50:07","2018-10-16 18:50:35","No Issue found after video verification","C","S","RAJ","2018-10-17 07:41:03","192.168.0.51","Glass break sensor","0","R"
"10923803","666666","0071","002","BR","2018-10-16 18:50:12","2018-10-16 18:50:37",NULL,"O",NULL,NULL,NULL,NULL,NULL,NULL,NULL
"10923806","666666","0072","100","RO","2018-10-16 18:50:18","2018-10-16 18:50:39",NULL,"O",NULL,NULL,NULL,NULL,NULL,NULL,NULL
"10924069","666666","0073","023","BA","2018-10-16 18:53:26","2018-10-16 18:53:43","No Issue found after video verification","C","S","RAJ","2018-10-17 07:40:50","192.168.0.51","Tamper Switch","0","R"
"10924074","666666","0074","100","RC","2018-10-16 18:53:26","2018-10-16 18:53:45",NULL,"O",NULL,NULL,NULL,NULL,NULL,NULL,NULL
"10924085","666666","0075","100","RO","2018-10-16 18:53:37","2018-10-16 18:53:53",NULL,"O",NULL,NULL,NULL,NULL,NULL,NULL,NULL
"10924090","666666","0076","023","BR","2018-10-16 18:53:39","2018-10-16 18:53:56",NULL,"O",NULL,NULL,NULL,NULL,NULL,NULL,NULL
"10924099","666666","0077","023","BA","2018-10-16 18:53:45","2018-10-16 18:54:01","No Issue found after video verification","C","S","RAJ","2018-10-17 07:40:39","192.168.0.51","Tamper Switch","0","R"
"10924104","666666","0078","100","RC","2018-10-16 18:53:45","2018-10-16 18:54:04",NULL,"O",NULL,NULL,NULL,NULL,NULL,NULL,NULL
"10924120","666666","0079","100","RO","2018-10-16 18:53:56","2018-10-16 18:54:12",NULL,"O",NULL,NULL,NULL,NULL,NULL,NULL,NULL
"10924315","666666","0080","003","BR","2018-10-16 18:55:49","2018-10-16 18:56:06",NULL,"O",NULL,NULL,NULL,NULL,NULL,NULL,NULL
"10924321","666666","0081","003","BA","2018-10-16 18:55:49","2018-10-16 18:56:08","No Issue found after video verification","C","S","RAJ","2018-10-17 07:40:32","192.168.0.51","Panic Switch","0","R"
"10924326","666666","0082","100","RC","2018-10-16 18:55:49","2018-10-16 18:56:10",NULL,"O",NULL,NULL,NULL,NULL,NULL,NULL,NULL
"10924330","666666","0083","003","BR","2018-10-16 18:55:49","2018-10-16 18:56:12",NULL,"O",NULL,NULL,NULL,NULL,NULL,NULL,NULL
"10924333","666666","0084","003","BA","2018-10-16 18:55:49","2018-10-16 18:56:14","No Issue found after video verification","C","S","RAJ","2018-10-17 07:40:27","192.168.0.51","Panic Switch","0","R"
"10924338","666666","0085","003","BR","2018-10-16 18:55:49","2018-10-16 18:56:16",NULL,"O",NULL,NULL,NULL,NULL,NULL,NULL,NULL
"10924343","666666","0086","003","BA","2018-10-16 18:55:49","2018-10-16 18:56:19","No Issue found after video verification","C","S","RAJ","2018-10-17 07:41:25","192.168.0.51","Panic Switch","0","R"
"10924346","666666","0087","003","BR","2018-10-16 18:55:49","2018-10-16 18:56:21",NULL,"O",NULL,NULL,NULL,NULL,NULL,NULL,NULL
"10924351","666666","0088","003","BA","2018-10-16 18:55:49","2018-10-16 18:56:23","No Issue found after video verification","C","S","RAJ","2018-10-17 07:40:09","192.168.0.51","Panic Switch","0","R"
"10924357","666666","0089","003","BR","2018-10-16 18:55:49","2018-10-16 18:56:25",NULL,"O",NULL,NULL,NULL,NULL,NULL,NULL,NULL
"10924362","666666","0090","003","BA","2018-10-16 18:55:49","2018-10-16 18:56:27","No Issue found after video verification","C","S","RAJ","2018-10-17 07:40:01","192.168.0.51","Panic Switch","0","R"
"10924370","666666","0091","003","BR","2018-10-16 18:55:49","2018-10-16 18:56:31",NULL,"O",NULL,NULL,NULL,NULL,NULL,NULL,NULL
"10924374","666666","0092","003","BA","2018-10-16 18:55:49","2018-10-16 18:56:33","No Issue found after video verification","C","S","RAJ","2018-10-17 07:39:54","192.168.0.51","Panic Switch","0","R"
"10924387","666666","0093","003","BR","2018-10-16 18:55:49","2018-10-16 18:56:42",NULL,"O",NULL,NULL,NULL,NULL,NULL,NULL,NULL
"10924394","666666","0094","003","BA","2018-10-16 18:55:49","2018-10-16 18:56:44","No Issue found after video verification","C","S","RAJ","2018-10-17 07:40:16","192.168.0.51","Panic Switch","0","R"
"10924396","666666","0095","003","BR","2018-10-16 18:55:49","2018-10-16 18:56:46",NULL,"O",NULL,NULL,NULL,NULL,NULL,NULL,NULL
"10924401","666666","0096","003","BA","2018-10-16 18:55:49","2018-10-16 18:56:48","No Issue found after video verification","C","S","RAJ","2018-10-17 07:39:44","192.168.0.51","Panic Switch","0","R"
"10924406","666666","0097","003","BR","2018-10-16 18:55:49","2018-10-16 18:56:51",NULL,"O",NULL,NULL,NULL,NULL,NULL,NULL,NULL
"10924409","666666","0098","003","BA","2018-10-16 18:55:49","2018-10-16 18:56:53","No Issue found after video verification","C","S","RAJ","2018-10-17 07:39:35","192.168.0.51","Panic Switch","0","R"
"10924413","666666","0099","003","BR","2018-10-16 18:55:49","2018-10-16 18:56:55",NULL,"O",NULL,NULL,NULL,NULL,NULL,NULL,NULL
"10924419","666666","0100","003","BA","2018-10-16 18:55:49","2018-10-16 18:56:57","No Issue found after video verification","C","S","RAJ","2018-10-17 07:39:28","192.168.0.51","Panic Switch","0","R"
"10924423","666666","0101","003","BR","2018-10-16 18:55:49","2018-10-16 18:56:59",NULL,"O",NULL,NULL,NULL,NULL,NULL,NULL,NULL
"10924425","666666","0102","003","BA","2018-10-16 18:55:49","2018-10-16 18:57:01","No Issue found after video verification","C","S","RAJ","2018-10-17 07:39:21","192.168.0.51","Panic Switch","0","R"
"10924431","666666","0103","003","BR","2018-10-16 18:55:49","2018-10-16 18:57:03",NULL,"O",NULL,NULL,NULL,NULL,NULL,NULL,NULL
"10924434","666666","0104","003","BA","2018-10-16 18:55:49","2018-10-16 18:57:05","No Issue found after video verification","C","S","RAJ","2018-10-17 07:39:15","192.168.0.51","Panic Switch","0","R"
"10924438","666666","0105","100","RO","2018-10-16 18:56:00","2018-10-16 18:57:08",NULL,"O",NULL,NULL,NULL,NULL,NULL,NULL,NULL
"10924525","666666","0106","003","BR","2018-10-16 18:57:46","2018-10-16 18:58:03",NULL,"O",NULL,NULL,NULL,NULL,NULL,NULL,NULL
"10924530","666666","0107","003","BA","2018-10-16 18:57:46","2018-10-16 18:58:05","No Issue found after video verification","C","S","RAJ","2018-10-17 07:39:09","192.168.0.51","Panic Switch","0","R"
"10924537","666666","0108","100","RC","2018-10-16 18:57:46","2018-10-16 18:58:07",NULL,"O",NULL,NULL,NULL,NULL,NULL,NULL,NULL
"10924540","666666","0109","003","BR","2018-10-16 18:57:46","2018-10-16 18:58:09",NULL,"O",NULL,NULL,NULL,NULL,NULL,NULL,NULL
"10924545","666666","0110","003","BA","2018-10-16 18:57:46","2018-10-16 18:58:11","No Issue found after video verification","C","S","RAJ","2018-10-17 07:39:03","192.168.0.51","Panic Switch","0","R"
"10924550","666666","0111","003","BR","2018-10-16 18:57:46","2018-10-16 18:58:13",NULL,"O",NULL,NULL,NULL,NULL,NULL,NULL,NULL
"10924554","666666","0112","003","BA","2018-10-16 18:57:46","2018-10-16 18:58:16","No Issue found after video verification","C","S","RAJ","2018-10-17 07:38:57","192.168.0.51","Panic Switch","0","R"
"10924558","666666","0113","003","BR","2018-10-16 18:57:46","2018-10-16 18:58:18",NULL,"O",NULL,NULL,NULL,NULL,NULL,NULL,NULL
"10924562","666666","0114","003","BA","2018-10-16 18:57:46","2018-10-16 18:58:20","No Issue found after video verification","C","S","RAJ","2018-10-17 07:38:50","192.168.0.51","Panic Switch","0","R"
"10924565","666666","0115","003","BR","2018-10-16 18:57:46","2018-10-16 18:58:22",NULL,"O",NULL,NULL,NULL,NULL,NULL,NULL,NULL
"10924571","666666","0116","003","BA","2018-10-16 18:57:46","2018-10-16 18:58:24","No Issue found after video verification","C","S","RAJ","2018-10-17 07:37:48","192.168.0.51","Panic Switch","0","R"
"10924575","666666","0117","003","BR","2018-10-16 18:57:46","2018-10-16 18:58:26",NULL,"O",NULL,NULL,NULL,NULL,NULL,NULL,NULL
"10924578","666666","0118","003","BA","2018-10-16 18:57:46","2018-10-16 18:58:28","No Issue found after video verification","C","S","RAJ","2018-10-17 07:37:42","192.168.0.51","Panic Switch","0","R"
"10924583","666666","0119","003","BR","2018-10-16 18:57:46","2018-10-16 18:58:30",NULL,"O",NULL,NULL,NULL,NULL,NULL,NULL,NULL
"10924585","666666","0120","003","BA","2018-10-16 18:57:46","2018-10-16 18:58:33","No Issue found after video verification","C","S","RAJ","2018-10-17 07:37:30","192.168.0.51","Panic Switch","0","R"
"10924589","666666","0121","003","BR","2018-10-16 18:57:46","2018-10-16 18:58:35",NULL,"O",NULL,NULL,NULL,NULL,NULL,NULL,NULL
"10924594","666666","0122","003","BA","2018-10-16 18:57:46","2018-10-16 18:58:37","No Issue found after video verification","C","S","RAJ","2018-10-17 07:37:16","192.168.0.51","Panic Switch","0","R"
"10924597","666666","0123","003","BR","2018-10-16 18:57:46","2018-10-16 18:58:39",NULL,"O",NULL,NULL,NULL,NULL,NULL,NULL,NULL
"10924602","666666","0124","003","BA","2018-10-16 18:57:46","2018-10-16 18:58:41","No Issue found after video verification","C","S","RAJ","2018-10-17 07:37:07","192.168.0.51","Panic Switch","0","R"
"10924607","666666","0125","003","BR","2018-10-16 18:57:46","2018-10-16 18:58:43",NULL,"O",NULL,NULL,NULL,NULL,NULL,NULL,NULL
"10924610","666666","0126","003","BA","2018-10-16 18:57:47","2018-10-16 18:58:45","No Issue found after video verification","C","S","RAJ","2018-10-17 07:36:59","192.168.0.51","Panic Switch","0","R"
"10924613","666666","0127","100","RO","2018-10-16 18:57:58","2018-10-16 18:58:48",NULL,"O",NULL,NULL,NULL,NULL,NULL,NULL,NULL
"10924617","666666","0128","003","BR","2018-10-16 18:58:26","2018-10-16 18:58:50",NULL,"O",NULL,NULL,NULL,NULL,NULL,NULL,NULL
"10924619","666666","0129","003","BA","2018-10-16 18:58:26","2018-10-16 18:58:52","No Issue found after video verification","C","S","RAJ","2018-10-17 07:36:53","192.168.0.51","Panic Switch","0","R"
"10924624","666666","0130","100","RC","2018-10-16 18:58:26","2018-10-16 18:58:54",NULL,"O",NULL,NULL,NULL,NULL,NULL,NULL,NULL
"10924629","666666","0131","003","BR","2018-10-16 18:58:26","2018-10-16 18:58:56",NULL,"O",NULL,NULL,NULL,NULL,NULL,NULL,NULL
"10924633","666666","0132","003","BA","2018-10-16 18:58:26","2018-10-16 18:58:58","No Issue found after video verification","C","S","RAJ","2018-10-17 07:36:47","192.168.0.51","Panic Switch","0","R"
"10924638","666666","0133","003","BR","2018-10-16 18:58:26","2018-10-16 18:59:00",NULL,"O",NULL,NULL,NULL,NULL,NULL,NULL,NULL
"10924643","666666","0134","003","BA","2018-10-16 18:58:26","2018-10-16 18:59:02","No Issue found after video verification","C","S","RAJ","2018-10-17 07:36:36","192.168.0.51","Panic Switch","0","R"
"10924645","666666","0135","003","BR","2018-10-16 18:58:26","2018-10-16 18:59:05",NULL,"O",NULL,NULL,NULL,NULL,NULL,NULL,NULL
"10924650","666666","0136","003","BA","2018-10-16 18:58:26","2018-10-16 18:59:07","No Issue found after video verification","C","S","RAJ","2018-10-17 07:36:26","192.168.0.51","Panic Switch","0","R"
"10924654","666666","0137","003","BR","2018-10-16 18:58:26","2018-10-16 18:59:09",NULL,"O",NULL,NULL,NULL,NULL,NULL,NULL,NULL
"10924658","666666","0138","100","RO","2018-10-16 18:58:37","2018-10-16 18:59:11",NULL,"O",NULL,NULL,NULL,NULL,NULL,NULL,NULL
"10924662","666666","0139","003","BA","2018-10-16 18:58:39","2018-10-16 18:59:13","No Issue found after video verification","C","S","RAJ","2018-10-17 07:36:08","192.168.0.51","Panic Switch","0","R"
"10924668","666666","0140","100","RC","2018-10-16 18:58:39","2018-10-16 18:59:15",NULL,"O",NULL,NULL,NULL,NULL,NULL,NULL,NULL
"10924672","666666","0141","003","BR","2018-10-16 18:58:39","2018-10-16 18:59:17",NULL,"O",NULL,NULL,NULL,NULL,NULL,NULL,NULL
"10924675","666666","0142","003","BA","2018-10-16 18:58:39","2018-10-16 18:59:20","No Issue found after video verification","C","S","RAJ","2018-10-17 07:35:55","192.168.0.51","Panic Switch","0","R"
"10924681","666666","0143","003","BR","2018-10-16 18:58:39","2018-10-16 18:59:22",NULL,"O",NULL,NULL,NULL,NULL,NULL,NULL,NULL
"10924685","666666","0144","003","BA","2018-10-16 18:58:39","2018-10-16 18:59:24","No Issue found after video verification","C","S","RAJ","2018-10-17 07:35:48","192.168.0.51","Panic Switch","0","R"
"10924692","666666","0145","003","BR","2018-10-16 18:58:39","2018-10-16 18:59:26",NULL,"O",NULL,NULL,NULL,NULL,NULL,NULL,NULL
"10924699","666666","0146","003","BA","2018-10-16 18:58:39","2018-10-16 18:59:28","No Issue found after video verification","C","S","RAJ","2018-10-17 07:34:15","192.168.0.51","Panic Switch","0","R"
"10924706","666666","0147","003","BR","2018-10-16 18:58:39","2018-10-16 18:59:30",NULL,"O",NULL,NULL,NULL,NULL,NULL,NULL,NULL
"10924715","666666","0148","003","BA","2018-10-16 18:58:39","2018-10-16 18:59:32","No Issue found after video verification","C","S","RAJ","2018-10-17 07:33:57","192.168.0.51","Panic Switch","0","R"
"10924726","666666","0149","100","RO","2018-10-16 18:58:50","2018-10-16 18:59:34",NULL,"O",NULL,NULL,NULL,NULL,NULL,NULL,NULL
"10924865","666666","0150","003","BR","2018-10-16 18:59:36","2018-10-16 18:59:53",NULL,"O",NULL,NULL,NULL,NULL,NULL,NULL,NULL
"10924892","666666","0151","003","BA","2018-10-16 18:59:36","2018-10-16 18:59:55","No Issue found after video verification","C","S","RAJ","2018-10-17 07:33:48","192.168.0.51","Panic Switch","0","R"
"10924916","666666","0152","100","RC","2018-10-16 18:59:36","2018-10-16 18:59:57",NULL,"O",NULL,NULL,NULL,NULL,NULL,NULL,NULL
"10924946","666666","0153","003","BR","2018-10-16 18:59:36","2018-10-16 18:59:59",NULL,"O",NULL,NULL,NULL,NULL,NULL,NULL,NULL
"10924973","666666","0154","003","BA","2018-10-16 18:59:36","2018-10-16 19:00:01","No Issue found after video verification","C","S","RAJ","2018-10-17 07:33:39","192.168.0.51","Panic Switch","0","R"
"10924992","666666","0155","003","BR","2018-10-16 18:59:36","2018-10-16 19:00:03",NULL,"O",NULL,NULL,NULL,NULL,NULL,NULL,NULL
"10925018","666666","0156","003","BA","2018-10-16 18:59:36","2018-10-16 19:00:06","No Issue found after video verification","C","S","RAJ","2018-10-17 07:33:32","192.168.0.51","Panic Switch","0","R"
"10925050","666666","0157","003","BR","2018-10-16 18:59:36","2018-10-16 19:00:08",NULL,"O",NULL,NULL,NULL,NULL,NULL,NULL,NULL
"10925073","666666","0158","003","BA","2018-10-16 18:59:36","2018-10-16 19:00:10","No Issue found after video verification","C","S","RAJ","2018-10-17 07:33:24","192.168.0.51","Panic Switch","0","R"
"10925113","666666","0159","003","BR","2018-10-16 18:59:36","2018-10-16 19:00:12",NULL,"O",NULL,NULL,NULL,NULL,NULL,NULL,NULL
"10925147","666666","0160","003","BA","2018-10-16 18:59:36","2018-10-16 19:00:14","No Issue found after video verification","C","S","RAJ","2018-10-17 07:33:18","192.168.0.51","Panic Switch","0","R"
"10925170","666666","0161","003","BR","2018-10-16 18:59:36","2018-10-16 19:00:16",NULL,"O",NULL,NULL,NULL,NULL,NULL,NULL,NULL
"10925194","666666","0162","003","BA","2018-10-16 18:59:36","2018-10-16 19:00:18","No Issue found after video verification","C","S","RAJ","2018-10-17 07:33:10","192.168.0.51","Panic Switch","0","R"
"10925219","666666","0163","003","BR","2018-10-16 18:59:36","2018-10-16 19:00:20",NULL,"O",NULL,NULL,NULL,NULL,NULL,NULL,NULL
"10925241","666666","0164","003","BA","2018-10-16 18:59:36","2018-10-16 19:00:23","No Issue found after video verification","C","S","RAJ","2018-10-17 07:32:57","192.168.0.51","Panic Switch","0","R"
"10925260","666666","0165","003","BR","2018-10-16 18:59:36","2018-10-16 19:00:25",NULL,"O",NULL,NULL,NULL,NULL,NULL,NULL,NULL
"10925282","666666","0166","003","BA","2018-10-16 18:59:36","2018-10-16 19:00:27","No Issue found after video verification","C","S","RAJ","2018-10-17 07:31:41","192.168.0.51","Panic Switch","0","R"
"10925291","666666","0167","003","BR","2018-10-16 18:59:36","2018-10-16 19:00:29",NULL,"O",NULL,NULL,NULL,NULL,NULL,NULL,NULL
"10925309","666666","0168","003","BA","2018-10-16 18:59:36","2018-10-16 19:00:31","No Issue found after video verification","C","S","RAJ","2018-10-17 07:31:26","192.168.0.51","Panic Switch","0","R"
"10925330","666666","0169","003","BR","2018-10-16 18:59:36","2018-10-16 19:00:33",NULL,"O",NULL,NULL,NULL,NULL,NULL,NULL,NULL
"10925343","666666","0170","003","BA","2018-10-16 18:59:36","2018-10-16 19:00:35","No Issue found after video verification","C","S","RAJ","2018-10-17 07:29:57","192.168.0.51","Panic Switch","0","R"
"10925365","666666","0171","003","BR","2018-10-16 18:59:36","2018-10-16 19:00:37",NULL,"O",NULL,NULL,NULL,NULL,NULL,NULL,NULL
"10925380","666666","0172","003","BA","2018-10-16 18:59:36","2018-10-16 19:00:40","No Issue found after video verification","C","S","RAJ","2018-10-17 07:29:49","192.168.0.51","Panic Switch","0","R"
"10925392","666666","0173","003","BR","2018-10-16 18:59:36","2018-10-16 19:00:42",NULL,"O",NULL,NULL,NULL,NULL,NULL,NULL,NULL
"10925408","666666","0174","003","BA","2018-10-16 18:59:36","2018-10-16 19:00:44","No Issue found after video verification","C","S","RAJ","2018-10-17 07:29:43","192.168.0.51","Panic Switch","0","R"
"10925420","666666","0175","003","BR","2018-10-16 18:59:36","2018-10-16 19:00:46",NULL,"O",NULL,NULL,NULL,NULL,NULL,NULL,NULL
"10925427","666666","0176","003","BA","2018-10-16 18:59:36","2018-10-16 19:00:48","No Issue found after video verification","C","S","RAJ","2018-10-17 07:29:32","192.168.0.51","Panic Switch","0","R"
"10925435","666666","0177","003","BR","2018-10-16 18:59:36","2018-10-16 19:00:50",NULL,"O",NULL,NULL,NULL,NULL,NULL,NULL,NULL
"10925445","666666","0178","003","BA","2018-10-16 18:59:36","2018-10-16 19:00:52","No Issue found after video verification","C","S","RAJ","2018-10-17 07:29:21","192.168.0.51","Panic Switch","0","R"
"10925452","666666","0179","003","BR","2018-10-16 18:59:36","2018-10-16 19:00:55",NULL,"O",NULL,NULL,NULL,NULL,NULL,NULL,NULL
"10925459","666666","0180","003","BA","2018-10-16 18:59:36","2018-10-16 19:00:57","No Issue found after video verification","C","S","RAJ","2018-10-17 07:29:11","192.168.0.51","Panic Switch","0","R"
"10925464","666666","0181","003","BR","2018-10-16 18:59:36","2018-10-16 19:00:59",NULL,"O",NULL,NULL,NULL,NULL,NULL,NULL,NULL
"10925470","666666","0182","003","BA","2018-10-16 18:59:36","2018-10-16 19:01:01","No Issue found after video verification","C","S","RAJ","2018-10-17 07:28:48","192.168.0.51","Panic Switch","0","R"
"10925477","666666","0183","003","BR","2018-10-16 18:59:36","2018-10-16 19:01:03",NULL,"O",NULL,NULL,NULL,NULL,NULL,NULL,NULL
"10925480","666666","0184","003","BA","2018-10-16 18:59:36","2018-10-16 19:01:05","No Issue found after video verification","C","S","RAJ","2018-10-17 07:26:54","192.168.0.51","Panic Switch","0","R"
"10925488","666666","0185","003","AK","2018-10-16 18:59:46","2018-10-16 19:01:07",NULL,"O",NULL,NULL,NULL,NULL,NULL,NULL,NULL
"10925495","666666","0186","006","AK","2018-10-16 18:59:46","2018-10-16 19:01:09",NULL,"O",NULL,NULL,NULL,NULL,NULL,NULL,NULL
"10925499","666666","0187","007","AK","2018-10-16 18:59:46","2018-10-16 19:01:12",NULL,"O",NULL,NULL,NULL,NULL,NULL,NULL,NULL
"10925504","666666","0188","009","AK","2018-10-16 18:59:46","2018-10-16 19:01:14",NULL,"O",NULL,NULL,NULL,NULL,NULL,NULL,NULL
"10925511","666666","0189","010","AK","2018-10-16 18:59:46","2018-10-16 19:01:16",NULL,"O",NULL,NULL,NULL,NULL,NULL,NULL,NULL
"10925516","666666","0190","011","AK","2018-10-16 18:59:46","2018-10-16 19:01:18",NULL,"O",NULL,NULL,NULL,NULL,NULL,NULL,NULL
"10925522","666666","0191","012","AK","2018-10-16 18:59:46","2018-10-16 19:01:20",NULL,"O",NULL,NULL,NULL,NULL,NULL,NULL,NULL
"10925530","666666","0192","014","AK","2018-10-16 18:59:46","2018-10-16 19:01:22",NULL,"O",NULL,NULL,NULL,NULL,NULL,NULL,NULL
"10925534","666666","0193","015","AK","2018-10-16 18:59:46","2018-10-16 19:01:24",NULL,"O",NULL,NULL,NULL,NULL,NULL,NULL,NULL
"10925538","666666","0194","016","AK","2018-10-16 18:59:46","2018-10-16 19:01:26",NULL,"O",NULL,NULL,NULL,NULL,NULL,NULL,NULL
"10925542","666666","0195","017","AK","2018-10-16 18:59:46","2018-10-16 19:01:29",NULL,"O",NULL,NULL,NULL,NULL,NULL,NULL,NULL
"10925546","666666","0196","020","AK","2018-10-16 18:59:46","2018-10-16 19:01:31",NULL,"O",NULL,NULL,NULL,NULL,NULL,NULL,NULL
"10925551","666666","0197","021","AK","2018-10-16 18:59:46","2018-10-16 19:01:33",NULL,"O",NULL,NULL,NULL,NULL,NULL,NULL,NULL
"10925555","666666","0198","023","AK","2018-10-16 18:59:46","2018-10-16 19:01:35",NULL,"O",NULL,NULL,NULL,NULL,NULL,NULL,NULL
"10925559","666666","0199","024","AK","2018-10-16 18:59:46","2018-10-16 19:01:37",NULL,"O",NULL,NULL,NULL,NULL,NULL,NULL,NULL
"10925565","666666","0200","029","AK","2018-10-16 18:59:46","2018-10-16 19:01:39",NULL,"O",NULL,NULL,NULL,NULL,NULL,NULL,NULL
"10925570","666666","0201","030","AK","2018-10-16 18:59:46","2018-10-16 19:01:41",NULL,"O",NULL,NULL,NULL,NULL,NULL,NULL,NULL
"10925573","666666","0202","031","AK","2018-10-16 18:59:46","2018-10-16 19:01:43",NULL,"O",NULL,NULL,NULL,NULL,NULL,NULL,NULL
"10925579","666666","0203","100","RO","2018-10-16 18:59:46","2018-10-16 19:01:46",NULL,"O",NULL,NULL,NULL,NULL,NULL,NULL,NULL
"10925584","666666","0204","003","BR","2018-10-16 19:00:00","2018-10-16 19:01:48",NULL,"O",NULL,NULL,NULL,NULL,NULL,NULL,NULL
"10925588","666666","0205","003","BA","2018-10-16 19:00:01","2018-10-16 19:01:50","No Issue found after video verification","C","S","RAJ","2018-10-17 07:26:47","192.168.0.51","Panic Switch","0","R"
"10925591","666666","0206","100","RC","2018-10-16 19:00:01","2018-10-16 19:01:52",NULL,"O",NULL,NULL,NULL,NULL,NULL,NULL,NULL
"10925595","666666","0207","003","BR","2018-10-16 19:00:01","2018-10-16 19:01:54",NULL,"O",NULL,NULL,NULL,NULL,NULL,NULL,NULL
"10925598","666666","0208","003","BA","2018-10-16 19:00:01","2018-10-16 19:01:56","No Issue found after video verification","C","S","RAJ","2018-10-17 07:26:41","192.168.0.51","Panic Switch","0","R"
"10925601","666666","0209","003","BR","2018-10-16 19:00:01","2018-10-16 19:01:58",NULL,"O",NULL,NULL,NULL,NULL,NULL,NULL,NULL
"10925607","666666","0210","003","BA","2018-10-16 19:00:01","2018-10-16 19:02:00","No Issue found after video verification","C","S","RAJ","2018-10-17 07:26:35","192.168.0.51","Panic Switch","0","R"
"10925609","666666","0211","003","BR","2018-10-16 19:00:01","2018-10-16 19:02:03",NULL,"O",NULL,NULL,NULL,NULL,NULL,NULL,NULL
"10925612","666666","0212","003","BA","2018-10-16 19:00:01","2018-10-16 19:02:05","No Issue found after video verification","C","S","RAJ","2018-10-17 07:26:25","192.168.0.51","Panic Switch","0","R"
"10925616","666666","0213","003","BR","2018-10-16 19:00:01","2018-10-16 19:02:07",NULL,"O",NULL,NULL,NULL,NULL,NULL,NULL,NULL
"10925620","666666","0214","003","BA","2018-10-16 19:00:01","2018-10-16 19:02:09","No Issue found after video verification","C","S","RAJ","2018-10-17 07:26:18","192.168.0.51","Panic Switch","0","R"
"10925622","666666","0215","003","BR","2018-10-16 19:00:01","2018-10-16 19:02:11",NULL,"O",NULL,NULL,NULL,NULL,NULL,NULL,NULL
"10925625","666666","0216","003","BA","2018-10-16 19:00:01","2018-10-16 19:02:13","No Issue found after video verification","C","S","RAJ","2018-10-17 07:26:13","192.168.0.51","Panic Switch","0","R"
"10925630","666666","0217","003","BR","2018-10-16 19:00:01","2018-10-16 19:02:15",NULL,"O",NULL,NULL,NULL,NULL,NULL,NULL,NULL
"10925636","666666","0218","003","BA","2018-10-16 19:00:02","2018-10-16 19:02:17","No Issue found after video verification","C","S","RAJ","2018-10-17 07:26:07","192.168.0.51","Panic Switch","0","R"
"10925640","666666","0219","003","BR","2018-10-16 19:00:02","2018-10-16 19:02:20",NULL,"O",NULL,NULL,NULL,NULL,NULL,NULL,NULL
"10925643","666666","0220","003","BA","2018-10-16 19:00:02","2018-10-16 19:02:22","No Issue found after video verification","C","S","RAJ","2018-10-17 07:17:15","192.168.0.51","Panic Switch","0","R"
"10925651","666666","0221","003","BR","2018-10-16 19:00:02","2018-10-16 19:02:24",NULL,"O",NULL,NULL,NULL,NULL,NULL,NULL,NULL
"10925653","666666","0222","003","BA","2018-10-16 19:00:02","2018-10-16 19:02:26","No Issue found after video verification","C","S","RAJ","2018-10-17 07:26:01","192.168.0.51","Panic Switch","0","R"
"10925656","666666","0223","100","RO","2018-10-16 19:00:13","2018-10-16 19:02:28",NULL,"O",NULL,NULL,NULL,NULL,NULL,NULL,NULL
"10925663","666666","0224","003","BR","2018-10-16 19:00:20","2018-10-16 19:02:30",NULL,"O",NULL,NULL,NULL,NULL,NULL,NULL,NULL
"10925665","666666","0225","003","BA","2018-10-16 19:00:20","2018-10-16 19:02:32","No Issue found after video verification","C","S","RAJ","2018-10-17 07:25:55","192.168.0.51","Panic Switch","0","R"
"10925669","666666","0226","100","RC","2018-10-16 19:00:20","2018-10-16 19:02:34",NULL,"O",NULL,NULL,NULL,NULL,NULL,NULL,NULL
"10925676","666666","0227","003","BR","2018-10-16 19:00:20","2018-10-16 19:02:36",NULL,"O",NULL,NULL,NULL,NULL,NULL,NULL,NULL
"10925678","666666","0228","003","BA","2018-10-16 19:00:20","2018-10-16 19:02:39","No Issue found after video verification","C","S","RAJ","2018-10-17 07:25:48","192.168.0.51","Panic Switch","0","R"
"10925682","666666","0229","003","BR","2018-10-16 19:00:20","2018-10-16 19:02:41",NULL,"O",NULL,NULL,NULL,NULL,NULL,NULL,NULL
"10925689","666666","0230","003","BA","2018-10-16 19:00:20","2018-10-16 19:02:43","No Issue found after video verification","C","S","RAJ","2018-10-17 07:25:43","192.168.0.51","Panic Switch","0","R"
"10925691","666666","0231","003","BR","2018-10-16 19:00:20","2018-10-16 19:02:45",NULL,"O",NULL,NULL,NULL,NULL,NULL,NULL,NULL
"10925695","666666","0232","003","BA","2018-10-16 19:00:20","2018-10-16 19:02:47","No Issue found after video verification","C","S","RAJ","2018-10-17 07:25:37","192.168.0.51","Panic Switch","0","R"
"10925702","666666","0233","003","BR","2018-10-16 19:00:20","2018-10-16 19:02:49",NULL,"O",NULL,NULL,NULL,NULL,NULL,NULL,NULL
"10925703","666666","0234","003","BA","2018-10-16 19:00:22","2018-10-16 19:02:51","No Issue found after video verification","C","S","RAJ","2018-10-17 07:25:30","192.168.0.51","Panic Switch","0","R"
"10925709","666666","0235","100","RO","2018-10-16 19:00:33","2018-10-16 19:02:53",NULL,"O",NULL,NULL,NULL,NULL,NULL,NULL,NULL
"10925714","666666","0236","003","BR","2018-10-16 19:00:37","2018-10-16 19:02:56",NULL,"O",NULL,NULL,NULL,NULL,NULL,NULL,NULL
"10925715","666666","0237","003","BA","2018-10-16 19:00:38","2018-10-16 19:02:58","No Issue found after video verification","C","S","RAJ","2018-10-17 07:25:22","192.168.0.51","Panic Switch","0","R"
"10925720","666666","0238","100","RC","2018-10-16 19:00:38","2018-10-16 19:03:00",NULL,"O",NULL,NULL,NULL,NULL,NULL,NULL,NULL
"10925723","666666","0239","100","RO","2018-10-16 19:00:49","2018-10-16 19:03:02",NULL,"O",NULL,NULL,NULL,NULL,NULL,NULL,NULL
"10925725","666666","0240","003","BR","2018-10-16 19:01:00","2018-10-16 19:03:04",NULL,"O",NULL,NULL,NULL,NULL,NULL,NULL,NULL
"10925729","666666","0241","003","BA","2018-10-16 19:01:01","2018-10-16 19:03:06","No Issue found after video verification","C","S","RAJ","2018-10-17 07:25:15","192.168.0.51","Panic Switch","0","R"
"10925731","666666","0242","100","RC","2018-10-16 19:01:01","2018-10-16 19:03:08",NULL,"O",NULL,NULL,NULL,NULL,NULL,NULL,NULL
"10925733","666666","0243","003","BR","2018-10-16 19:01:02","2018-10-16 19:03:10",NULL,"O",NULL,NULL,NULL,NULL,NULL,NULL,NULL
"10925737","666666","0244","003","BA","2018-10-16 19:01:02","2018-10-16 19:03:12","No Issue found after video verification","C","S","RAJ","2018-10-17 07:24:43","192.168.0.51","Panic Switch","0","R"
"10925740","666666","0245","100","RO","2018-10-16 19:01:13","2018-10-16 19:03:15",NULL,"O",NULL,NULL,NULL,NULL,NULL,NULL,NULL
"10925742","666666","0246","003","BR","2018-10-16 19:01:30","2018-10-16 19:03:17",NULL,"O",NULL,NULL,NULL,NULL,NULL,NULL,NULL
"10925746","666666","0247","003","BA","2018-10-16 19:01:53","2018-10-16 19:03:19","No Issue found after video verification","C","S","RAJ","2018-10-17 07:24:35","192.168.0.51","Panic Switch","0","R"
"10925749","666666","0248","100","RC","2018-10-16 19:01:53","2018-10-16 19:03:21",NULL,"O",NULL,NULL,NULL,NULL,NULL,NULL,NULL
"10925751","666666","0249","003","BR","2018-10-16 19:01:53","2018-10-16 19:03:23",NULL,"O",NULL,NULL,NULL,NULL,NULL,NULL,NULL
"10925756","666666","0250","100","RO","2018-10-16 19:02:04","2018-10-16 19:03:25",NULL,"O",NULL,NULL,NULL,NULL,NULL,NULL,NULL
"10927472","666666","0251","023","BR","2018-10-16 19:30:01","2018-10-16 19:30:26",NULL,"O",NULL,NULL,NULL,NULL,NULL,NULL,NULL
"10927476","666666","0252","023","BA","2018-10-16 19:30:06","2018-10-16 19:30:29","No Issue found after video verification","C","S","RAJ","2018-10-17 07:24:24","192.168.0.51","Tamper Switch","0","R"
"10927478","666666","0253","100","RC","2018-10-16 19:30:06","2018-10-16 19:30:31",NULL,"O",NULL,NULL,NULL,NULL,NULL,NULL,NULL
"10927485","666666","0254","100","RO","2018-10-16 19:30:17","2018-10-16 19:30:37",NULL,"O",NULL,NULL,NULL,NULL,NULL,NULL,NULL
"10927487","666666","0255","023","BR","2018-10-16 19:30:18","2018-10-16 19:30:39",NULL,"O",NULL,NULL,NULL,NULL,NULL,NULL,NULL
"10928318","666666","0256","021","BR","2018-10-16 19:43:25","2018-10-16 19:43:46",NULL,"O",NULL,NULL,NULL,NULL,NULL,NULL,NULL
"10928319","666666","0257","021","BA","2018-10-16 19:43:25","2018-10-16 19:43:48","No Issue found after video verification","C","S","sandeep","2018-10-17 06:41:42","192.168.0.51","Backroom door","0","R"
"10928324","666666","0258","100","RC","2018-10-16 19:43:25","2018-10-16 19:43:50",NULL,"O",NULL,NULL,NULL,NULL,NULL,NULL,NULL
"10928328","666666","0259","021","BR","2018-10-16 19:43:25","2018-10-16 19:43:52",NULL,"O",NULL,NULL,NULL,NULL,NULL,NULL,NULL
"10928333","666666","0260","100","RO","2018-10-16 19:43:36","2018-10-16 19:43:56",NULL,"O",NULL,NULL,NULL,NULL,NULL,NULL,NULL
"10932377","666666","0261","174","BR","2018-10-16 20:39:54","2018-10-16 20:40:17",NULL,"O",NULL,NULL,NULL,NULL,NULL,NULL,NULL
"10932697","666666","0269","174","BA","2018-10-16 20:45:14","2018-10-16 20:45:42",NULL,"O",NULL,NULL,NULL,NULL,NULL,NULL,NULL
"10944533","666666","0273","110","RC","2018-10-16 23:37:40","2018-10-16 23:41:32",NULL,"O",NULL,NULL,NULL,NULL,NULL,NULL,NULL
"10944538","666666","0274","110","RO","2018-10-16 23:37:45","2018-10-16 23:41:34",NULL,"O",NULL,NULL,NULL,NULL,NULL,NULL,NULL
"10944705","666666","0275","110","RO","2018-10-16 23:37:45","2018-10-16 23:43:42",NULL,"O",NULL,NULL,NULL,NULL,NULL,NULL,NULL
"10944867","666666","0276","110","RO","2018-10-16 23:37:45","2018-10-16 23:45:49",NULL,"O",NULL,NULL,NULL,NULL,NULL,NULL,NULL
"10945022","666666","0277","110","RO","2018-10-16 23:37:45","2018-10-16 23:47:57",NULL,"O",NULL,NULL,NULL,NULL,NULL,NULL,NULL
"10945039","666666","0278","110","RO","2018-10-16 23:37:45","2018-10-16 23:48:11",NULL,"O",NULL,NULL,NULL,NULL,NULL,NULL,NULL
"10947501","666666","0279","110","RC","2018-10-17 00:08:16","2018-10-17 00:11:26",NULL,"O",NULL,NULL,NULL,NULL,NULL,NULL,NULL
"10947506","666666","0280","110","RO","2018-10-17 00:08:21","2018-10-17 00:11:28",NULL,"O",NULL,NULL,NULL,NULL,NULL,NULL,NULL
"10961555","666666","0281","110","RC","2018-10-17 03:29:18","2018-10-17 03:32:35",NULL,"O",NULL,NULL,NULL,NULL,NULL,NULL,NULL
"10961558","666666","0282","110","RO","2018-10-17 03:29:24","2018-10-17 03:32:37",NULL,"O",NULL,NULL,NULL,NULL,NULL,NULL,NULL
"10977911","666666","0283","110","RC","2018-10-17 07:00:23","2018-10-17 07:03:47",NULL,"O",NULL,NULL,NULL,NULL,NULL,NULL,NULL
"10977940","666666","0284","110","RO","2018-10-17 07:00:28","2018-10-17 07:04:10",NULL,"O",NULL,NULL,NULL,NULL,NULL,NULL,NULL
"10987112","666666","0285","174","BR","2018-10-17 09:07:30","2018-10-17 09:07:50",NULL,"O",NULL,NULL,NULL,NULL,NULL,NULL,NULL
"10987465","666666","0293","174","BA","2018-10-17 09:12:51","2018-10-17 09:13:10",NULL,"O",NULL,NULL,NULL,NULL,NULL,NULL,NULL
"10990417","666666","0304","174","BR","2018-10-17 09:55:33","2018-10-17 09:56:01",NULL,"O",NULL,NULL,NULL,NULL,NULL,NULL,NULL
"10990752","666666","0310","174","BA","2018-10-17 10:00:54","2018-10-17 10:01:15",NULL,"O",NULL,NULL,NULL,NULL,NULL,NULL,NULL
"10991853","666666","0314","174","BR","2018-10-17 10:16:55","2018-10-17 10:17:23",NULL,"O",NULL,NULL,NULL,NULL,NULL,NULL,NULL
"10992191","666666","0321","174","BA","2018-10-17 10:22:16","2018-10-17 10:22:43",NULL,"O",NULL,NULL,NULL,NULL,NULL,NULL,NULL
"11002509","666666","0332","110","RC","2018-10-17 12:42:10","2018-10-17 12:45:56",NULL,"O",NULL,NULL,NULL,NULL,NULL,NULL,NULL
"11002511","666666","0333","110","RO","2018-10-17 12:42:15","2018-10-17 12:45:58",NULL,"O",NULL,NULL,NULL,NULL,NULL,NULL,NULL
"11002629","666666","0334","110","RO","2018-10-17 12:42:15","2018-10-17 12:48:04",NULL,"O",NULL,NULL,NULL,NULL,NULL,NULL,NULL
"11002778","666666","0335","110","RO","2018-10-17 12:42:15","2018-10-17 12:50:11",NULL,"O",NULL,NULL,NULL,NULL,NULL,NULL,NULL
"11002956","666666","0336","110","RO","2018-10-17 12:42:15","2018-10-17 12:52:17",NULL,"O",NULL,NULL,NULL,NULL,NULL,NULL,NULL
"11002983","666666","0337","110","RO","2018-10-17 12:42:15","2018-10-17 12:52:36",NULL,"O",NULL,NULL,NULL,NULL,NULL,NULL,NULL
"11003918","666666","0338","110","RO","2018-10-17 12:42:15","2018-10-17 13:05:23",NULL,"O",NULL,NULL,NULL,NULL,NULL,NULL,NULL
"11003929","666666","0340","101","RO","2018-10-17 13:04:36","2018-10-17 13:05:32",NULL,"O",NULL,NULL,NULL,NULL,NULL,NULL,NULL
"11003942","666666","0341","101","RC","2018-10-17 13:04:52","2018-10-17 13:05:40",NULL,"O",NULL,NULL,NULL,NULL,NULL,NULL,NULL
"11004013","666666","0343","101","RO","2018-10-17 13:06:04","2018-10-17 13:06:53",NULL,"O",NULL,NULL,NULL,NULL,NULL,NULL,NULL
"11004016","666666","0344","021","BA","2018-10-17 13:06:04","2018-10-17 13:06:56","css engineer person on site Mr.Kumar","C","S","csshelpdesk","2018-10-17 13:22:17","192.168.0.50","Backroom door","0","R"
"11004019","666666","0345","100","RC","2018-10-17 13:06:04","2018-10-17 13:06:58",NULL,"O",NULL,NULL,NULL,NULL,NULL,NULL,NULL
"11004024","666666","0346","100","RO","2018-10-17 13:06:15","2018-10-17 13:07:00",NULL,"O",NULL,NULL,NULL,NULL,NULL,NULL,NULL
"11004031","666666","0347","101","RC","2018-10-17 13:06:20","2018-10-17 13:07:08",NULL,"O",NULL,NULL,NULL,NULL,NULL,NULL,NULL
"11004165","666666","0348","021","BR","2018-10-17 13:08:37","2018-10-17 13:09:20",NULL,"O",NULL,NULL,NULL,NULL,NULL,NULL,NULL
"11004874","666666","0350","101","RO","2018-10-17 13:17:53","2018-10-17 13:18:42",NULL,"O",NULL,NULL,NULL,NULL,NULL,NULL,NULL
"11004881","666666","0351","021","BA","2018-10-17 13:17:53","2018-10-17 13:18:45","css engineer on the site mr. kumar","C","S","RAJ","2018-10-17 13:21:59","192.168.0.51","Backroom door","0","R"
"11004885","666666","0352","100","RC","2018-10-17 13:17:53","2018-10-17 13:18:47",NULL,"O",NULL,NULL,NULL,NULL,NULL,NULL,NULL
"11004889","666666","0353","100","RO","2018-10-17 13:18:04","2018-10-17 13:18:49",NULL,"O",NULL,NULL,NULL,NULL,NULL,NULL,NULL
"11004902","666666","0354","101","RC","2018-10-17 13:18:08","2018-10-17 13:18:58",NULL,"O",NULL,NULL,NULL,NULL,NULL,NULL,NULL
"11005009","666666","0355","023","BA","2018-10-17 13:19:36","2018-10-17 13:20:19","css engineer person on site Mr.Kumar","C","S","csshelpdesk","2018-10-17 13:22:04","192.168.0.50","Tamper Switch","0","R"
"11005014","666666","0356","100","RC","2018-10-17 13:19:36","2018-10-17 13:20:22",NULL,"O",NULL,NULL,NULL,NULL,NULL,NULL,NULL
"11005021","666666","0357","021","AK","2018-10-17 13:19:42","2018-10-17 13:20:26",NULL,"O",NULL,NULL,NULL,NULL,NULL,NULL,NULL
"11005024","666666","0358","023","AK","2018-10-17 13:19:42","2018-10-17 13:20:28",NULL,"O",NULL,NULL,NULL,NULL,NULL,NULL,NULL
"11005030","666666","0359","100","RO","2018-10-17 13:19:42","2018-10-17 13:20:31",NULL,"O",NULL,NULL,NULL,NULL,NULL,NULL,NULL
"11006875","666666","0360","174","BR","2018-10-17 13:45:25","2018-10-17 13:45:25",NULL,"O",NULL,NULL,NULL,NULL,NULL,NULL,NULL
"11007285","666666","0366","174","BA","2018-10-17 13:50:45","2018-10-17 13:50:45",NULL,"O",NULL,NULL,NULL,NULL,NULL,NULL,NULL
"11008137","666666","0371","174","BR","2018-10-17 14:01:12","2018-10-17 14:01:18",NULL,"O",NULL,NULL,NULL,NULL,NULL,NULL,NULL
"11008225","666666","0373","174","BA","2018-10-17 14:02:22","2018-10-17 14:02:22",NULL,"O",NULL,NULL,NULL,NULL,NULL,NULL,NULL
"11009307","666666","0377","174","BR","2018-10-17 14:17:32","2018-10-17 14:17:40",NULL,"O",NULL,NULL,NULL,NULL,NULL,NULL,NULL
"11009392","666666","0381","174","BA","2018-10-17 14:18:42","2018-10-17 14:18:55",NULL,"O",NULL,NULL,NULL,NULL,NULL,NULL,NULL
"11010094","666666","0388","174","BR","2018-10-17 14:28:48","2018-10-17 14:28:56",NULL,"O",NULL,NULL,NULL,NULL,NULL,NULL,NULL
"11010422","666666","0397","003","BA","2018-10-17 14:33:36","2018-10-17 14:33:44","css engineer person on site Mr.Kumar","C","S","csshelpdesk","2018-10-17 14:40:53","192.168.0.50","Panic Switch","0","R"
"11010425","666666","0398","100","RC","2018-10-17 14:33:36","2018-10-17 14:33:46",NULL,"O",NULL,NULL,NULL,NULL,NULL,NULL,NULL
"11010430","666666","0399","003","BR","2018-10-17 14:33:36","2018-10-17 14:33:48",NULL,"O",NULL,NULL,NULL,NULL,NULL,NULL,NULL
"11010432","666666","0400","100","RO","2018-10-17 14:33:47","2018-10-17 14:33:50",NULL,"O",NULL,NULL,NULL,NULL,NULL,NULL,NULL
"11010581","666666","0401","100","RO","2018-10-17 14:33:47","2018-10-17 14:35:56",NULL,"O",NULL,NULL,NULL,NULL,NULL,NULL,NULL
"11010711","666666","0402","100","RO","2018-10-17 14:33:47","2018-10-17 14:38:03",NULL,"O",NULL,NULL,NULL,NULL,NULL,NULL,NULL
"11010876","666666","0403","100","RO","2018-10-17 14:33:47","2018-10-17 14:40:09",NULL,"O",NULL,NULL,NULL,NULL,NULL,NULL,NULL
"11011020","666666","0404","100","RO","2018-10-17 14:33:47","2018-10-17 14:42:15",NULL,"O",NULL,NULL,NULL,NULL,NULL,NULL,NULL
"11011080","666666","0405","100","RO","2018-10-17 14:33:47","2018-10-17 14:43:12",NULL,"O",NULL,NULL,NULL,NULL,NULL,NULL,NULL
"11012687","666666","0406","100","RO","2018-10-17 14:33:47","2018-10-17 15:11:59",NULL,"O",NULL,NULL,NULL,NULL,NULL,NULL,NULL
"11012691","666666","0407","023","BR","2018-10-17 15:11:51","2018-10-17 15:12:01",NULL,"O",NULL,NULL,NULL,NULL,NULL,NULL,NULL
"11012695","666666","0408","023","BA","2018-10-17 15:11:51","2018-10-17 15:12:03","css engineer on site","C","S","SURAJ","2018-10-17 17:30:38","192.168.0.51","Tamper Switch","0","R"
"11012696","666666","0409","100","RC","2018-10-17 15:11:51","2018-10-17 15:12:05",NULL,"O",NULL,NULL,NULL,NULL,NULL,NULL,NULL
"11012701","666666","0410","100","RO","2018-10-17 15:12:02","2018-10-17 15:12:07",NULL,"O",NULL,NULL,NULL,NULL,NULL,NULL,NULL
"11012736","666666","0411","023","BR","2018-10-17 15:12:33","2018-10-17 15:12:39",NULL,"O",NULL,NULL,NULL,NULL,NULL,NULL,NULL
"11012740","666666","0412","023","BA","2018-10-17 15:12:34","2018-10-17 15:12:41","CSS Engineer on site","C","S","SURAJ","2018-10-17 15:15:47","192.168.0.51","Tamper Switch","0","R"
"11012745","666666","0413","100","RC","2018-10-17 15:12:34","2018-10-17 15:12:43",NULL,"O",NULL,NULL,NULL,NULL,NULL,NULL,NULL
"11012759","666666","0414","100","RO","2018-10-17 15:12:45","2018-10-17 15:12:52",NULL,"O",NULL,NULL,NULL,NULL,NULL,NULL,NULL
"11012781","666666","0415","100","RO","2018-10-17 15:12:45","2018-10-17 15:13:21",NULL,"O",NULL,NULL,NULL,NULL,NULL,NULL,NULL
"11012788","666666","0390","174","BA","2018-10-17 14:29:58","2018-10-17 15:13:23",NULL,"O",NULL,NULL,NULL,NULL,NULL,NULL,NULL
"11016861","666666","0416","006","AS","2018-10-17 16:01:37","2018-10-17 16:01:48",NULL,"O",NULL,NULL,NULL,NULL,NULL,NULL,NULL
"11016867","666666","0417","007","AS","2018-10-17 16:01:37","2018-10-17 16:01:50",NULL,"O",NULL,NULL,NULL,NULL,NULL,NULL,NULL
"11016871","666666","0418","009","AS","2018-10-17 16:01:37","2018-10-17 16:01:52",NULL,"O",NULL,NULL,NULL,NULL,NULL,NULL,NULL
"11016874","666666","0419","010","AS","2018-10-17 16:01:37","2018-10-17 16:01:54",NULL,"O",NULL,NULL,NULL,NULL,NULL,NULL,NULL
"11016878","666666","0420","011","AS","2018-10-17 16:01:37","2018-10-17 16:01:56",NULL,"O",NULL,NULL,NULL,NULL,NULL,NULL,NULL
"11016883","666666","0421","012","AS","2018-10-17 16:01:37","2018-10-17 16:01:59",NULL,"O",NULL,NULL,NULL,NULL,NULL,NULL,NULL
"11016887","666666","0422","014","AS","2018-10-17 16:01:37","2018-10-17 16:02:01",NULL,"O",NULL,NULL,NULL,NULL,NULL,NULL,NULL
"11016890","666666","0423","015","AS","2018-10-17 16:01:37","2018-10-17 16:02:03",NULL,"O",NULL,NULL,NULL,NULL,NULL,NULL,NULL
"11016892","666666","0424","016","AS","2018-10-17 16:01:37","2018-10-17 16:02:05",NULL,"O",NULL,NULL,NULL,NULL,NULL,NULL,NULL
"11016897","666666","0425","017","AS","2018-10-17 16:01:37","2018-10-17 16:02:08",NULL,"O",NULL,NULL,NULL,NULL,NULL,NULL,NULL
"11016898","666666","0426","020","AS","2018-10-17 16:01:37","2018-10-17 16:02:10",NULL,"O",NULL,NULL,NULL,NULL,NULL,NULL,NULL
"11016900","666666","0427","021","AS","2018-10-17 16:01:37","2018-10-17 16:02:12",NULL,"O",NULL,NULL,NULL,NULL,NULL,NULL,NULL
"11016905","666666","0428","024","AS","2018-10-17 16:01:37","2018-10-17 16:02:14",NULL,"O",NULL,NULL,NULL,NULL,NULL,NULL,NULL
"11016907","666666","0429","029","AS","2018-10-17 16:01:37","2018-10-17 16:02:16",NULL,"O",NULL,NULL,NULL,NULL,NULL,NULL,NULL
"11016911","666666","0430","030","AS","2018-10-17 16:01:37","2018-10-17 16:02:19",NULL,"O",NULL,NULL,NULL,NULL,NULL,NULL,NULL
"11016915","666666","0431","031","AS","2018-10-17 16:01:37","2018-10-17 16:02:21",NULL,"O",NULL,NULL,NULL,NULL,NULL,NULL,NULL
"11016917","666666","0432","100","RC","2018-10-17 16:01:37","2018-10-17 16:02:23",NULL,"O",NULL,NULL,NULL,NULL,NULL,NULL,NULL
"11016923","666666","0433","100","RO","2018-10-17 16:01:48","2018-10-17 16:02:25",NULL,"O",NULL,NULL,NULL,NULL,NULL,NULL,NULL
"11016928","666666","0434","003","BA","2018-10-17 16:02:04","2018-10-17 16:02:28","css engineer on site","C","S","SURAJ","2018-10-17 17:30:45","192.168.0.51","Panic Switch","0","R"
"11016931","666666","0435","100","RC","2018-10-17 16:02:04","2018-10-17 16:02:30",NULL,"O",NULL,NULL,NULL,NULL,NULL,NULL,NULL
"11016938","666666","0436","003","BR","2018-10-17 16:02:04","2018-10-17 16:02:32",NULL,"O",NULL,NULL,NULL,NULL,NULL,NULL,NULL
"11016941","666666","0437","100","RO","2018-10-17 16:02:15","2018-10-17 16:02:34",NULL,"O",NULL,NULL,NULL,NULL,NULL,NULL,NULL
"11017011","666666","0438","100","RO","2018-10-17 16:02:15","2018-10-17 16:03:36",NULL,"O",NULL,NULL,NULL,NULL,NULL,NULL,NULL
"11018458","666666","0439","021","BR","2018-10-17 16:27:22","2018-10-17 16:27:40",NULL,"O",NULL,NULL,NULL,NULL,NULL,NULL,NULL
"11018459","666666","0440","021","BA","2018-10-17 16:27:25","2018-10-17 16:27:43","css engineer on site","C","S","SURAJ","2018-10-17 17:30:31","192.168.0.51","Backroom door","0","R"
"11018463","666666","0441","100","RC","2018-10-17 16:27:25","2018-10-17 16:27:45",NULL,"O",NULL,NULL,NULL,NULL,NULL,NULL,NULL
"11018467","666666","0442","100","RO","2018-10-17 16:27:36","2018-10-17 16:27:50",NULL,"O",NULL,NULL,NULL,NULL,NULL,NULL,NULL
"11020364","666666","0443","023","BR","2018-10-17 17:00:41","2018-10-17 17:01:00",NULL,"O",NULL,NULL,NULL,NULL,NULL,NULL,NULL
"11020372","666666","0444","023","BA","2018-10-17 17:00:42","2018-10-17 17:01:03","css engineer on site","C","S","SURAJ","2018-10-17 17:31:02","192.168.0.51","Tamper Switch","0","R"
"11020376","666666","0445","100","RC","2018-10-17 17:00:42","2018-10-17 17:01:05",NULL,"O",NULL,NULL,NULL,NULL,NULL,NULL,NULL
"11020381","666666","0446","023","BR","2018-10-17 17:00:44","2018-10-17 17:01:07",NULL,"O",NULL,NULL,NULL,NULL,NULL,NULL,NULL
"11020384","666666","0447","023","BA","2018-10-17 17:00:44","2018-10-17 17:01:10","No Issue found after video verification","C","S","kushal","2018-10-17 17:09:05","192.168.0.53","Tamper Switch","0","R"
"11020389","666666","0448","006","AK","2018-10-17 17:00:44","2018-10-17 17:01:12",NULL,"O",NULL,NULL,NULL,NULL,NULL,NULL,NULL
"11020393","666666","0449","007","AK","2018-10-17 17:00:44","2018-10-17 17:01:14",NULL,"O",NULL,NULL,NULL,NULL,NULL,NULL,NULL
"11020395","666666","0450","009","AK","2018-10-17 17:00:44","2018-10-17 17:01:16",NULL,"O",NULL,NULL,NULL,NULL,NULL,NULL,NULL
"11020399","666666","0451","010","AK","2018-10-17 17:00:44","2018-10-17 17:01:18",NULL,"O",NULL,NULL,NULL,NULL,NULL,NULL,NULL
"11020404","666666","0452","011","AK","2018-10-17 17:00:44","2018-10-17 17:01:20",NULL,"O",NULL,NULL,NULL,NULL,NULL,NULL,NULL
"11020406","666666","0453","012","AK","2018-10-17 17:00:44","2018-10-17 17:01:22",NULL,"O",NULL,NULL,NULL,NULL,NULL,NULL,NULL
"11020410","666666","0454","014","AK","2018-10-17 17:00:44","2018-10-17 17:01:25",NULL,"O",NULL,NULL,NULL,NULL,NULL,NULL,NULL
"11020416","666666","0455","015","AK","2018-10-17 17:00:44","2018-10-17 17:01:27",NULL,"O",NULL,NULL,NULL,NULL,NULL,NULL,NULL
"11020420","666666","0456","016","AK","2018-10-17 17:00:44","2018-10-17 17:01:29",NULL,"O",NULL,NULL,NULL,NULL,NULL,NULL,NULL
"11020424","666666","0457","017","AK","2018-10-17 17:00:44","2018-10-17 17:01:31",NULL,"O",NULL,NULL,NULL,NULL,NULL,NULL,NULL
"11020429","666666","0458","020","AK","2018-10-17 17:00:44","2018-10-17 17:01:34",NULL,"O",NULL,NULL,NULL,NULL,NULL,NULL,NULL
"11020433","666666","0459","021","AK","2018-10-17 17:00:44","2018-10-17 17:01:36",NULL,"O",NULL,NULL,NULL,NULL,NULL,NULL,NULL
"11020437","666666","0460","023","AK","2018-10-17 17:00:44","2018-10-17 17:01:38",NULL,"O",NULL,NULL,NULL,NULL,NULL,NULL,NULL
"11020442","666666","0461","024","AK","2018-10-17 17:00:44","2018-10-17 17:01:40",NULL,"O",NULL,NULL,NULL,NULL,NULL,NULL,NULL
"11020446","666666","0462","029","AK","2018-10-17 17:00:44","2018-10-17 17:01:43",NULL,"O",NULL,NULL,NULL,NULL,NULL,NULL,NULL
"11020452","666666","0463","030","AK","2018-10-17 17:00:44","2018-10-17 17:01:45",NULL,"O",NULL,NULL,NULL,NULL,NULL,NULL,NULL
"11020453","666666","0464","031","AK","2018-10-17 17:00:44","2018-10-17 17:01:47",NULL,"O",NULL,NULL,NULL,NULL,NULL,NULL,NULL
"11020457","666666","0465","023","BR","2018-10-17 17:00:45","2018-10-17 17:01:50",NULL,"O",NULL,NULL,NULL,NULL,NULL,NULL,NULL
"11020462","666666","0466","023","BA","2018-10-17 17:00:46","2018-10-17 17:01:52","css engineer on site","C","S","SURAJ","2018-10-17 17:30:54","192.168.0.51","Tamper Switch","0","R"
"11020465","666666","0467","023","BR","2018-10-17 17:00:47","2018-10-17 17:01:54",NULL,"O",NULL,NULL,NULL,NULL,NULL,NULL,NULL
"11020469","666666","0468","023","BA","2018-10-17 17:00:47","2018-10-17 17:01:56","kumar sir person on the site ","C","S","kushal","2018-10-17 17:03:45","192.168.0.53","Tamper Switch","0","R"
"11020474","666666","0469","023","BR","2018-10-17 17:00:47","2018-10-17 17:01:58",NULL,"O",NULL,NULL,NULL,NULL,NULL,NULL,NULL
"11020476","666666","0470","023","BA","2018-10-17 17:00:48","2018-10-17 17:02:00","css engineer on site","C","S","SURAJ","2018-10-17 17:31:09","192.168.0.51","Tamper Switch","0","R"
"11020481","666666","0471","023","AK","2018-10-17 17:00:48","2018-10-17 17:02:03",NULL,"O",NULL,NULL,NULL,NULL,NULL,NULL,NULL
"11020485","666666","0472","100","RO","2018-10-17 17:00:48","2018-10-17 17:02:05",NULL,"O",NULL,NULL,NULL,NULL,NULL,NULL,NULL
"11020491","666666","0473","006","AS","2018-10-17 17:00:52","2018-10-17 17:02:07",NULL,"O",NULL,NULL,NULL,NULL,NULL,NULL,NULL
"11020495","666666","0474","007","AS","2018-10-17 17:00:52","2018-10-17 17:02:09",NULL,"O",NULL,NULL,NULL,NULL,NULL,NULL,NULL
"11020499","666666","0475","009","AS","2018-10-17 17:00:52","2018-10-17 17:02:12",NULL,"O",NULL,NULL,NULL,NULL,NULL,NULL,NULL
"11020501","666666","0476","010","AS","2018-10-17 17:00:52","2018-10-17 17:02:14",NULL,"O",NULL,NULL,NULL,NULL,NULL,NULL,NULL
"11020505","666666","0477","011","AS","2018-10-17 17:00:52","2018-10-17 17:02:16",NULL,"O",NULL,NULL,NULL,NULL,NULL,NULL,NULL
"11020508","666666","0478","012","AS","2018-10-17 17:00:52","2018-10-17 17:02:18",NULL,"O",NULL,NULL,NULL,NULL,NULL,NULL,NULL
"11020511","666666","0479","014","AS","2018-10-17 17:00:52","2018-10-17 17:02:20",NULL,"O",NULL,NULL,NULL,NULL,NULL,NULL,NULL
"11020518","666666","0480","015","AS","2018-10-17 17:00:52","2018-10-17 17:02:23",NULL,"O",NULL,NULL,NULL,NULL,NULL,NULL,NULL
"11020522","666666","0481","016","AS","2018-10-17 17:00:52","2018-10-17 17:02:25",NULL,"O",NULL,NULL,NULL,NULL,NULL,NULL,NULL
"11020525","666666","0482","017","AS","2018-10-17 17:00:52","2018-10-17 17:02:27",NULL,"O",NULL,NULL,NULL,NULL,NULL,NULL,NULL
"11020531","666666","0483","020","AS","2018-10-17 17:00:52","2018-10-17 17:02:29",NULL,"O",NULL,NULL,NULL,NULL,NULL,NULL,NULL
"11020534","666666","0484","021","AS","2018-10-17 17:00:52","2018-10-17 17:02:31",NULL,"O",NULL,NULL,NULL,NULL,NULL,NULL,NULL
"11020538","666666","0485","023","AS","2018-10-17 17:00:52","2018-10-17 17:02:33",NULL,"O",NULL,NULL,NULL,NULL,NULL,NULL,NULL
"11020542","666666","0486","024","AS","2018-10-17 17:00:52","2018-10-17 17:02:36",NULL,"O",NULL,NULL,NULL,NULL,NULL,NULL,NULL
"11020544","666666","0487","029","AS","2018-10-17 17:00:52","2018-10-17 17:02:38",NULL,"O",NULL,NULL,NULL,NULL,NULL,NULL,NULL
"11020549","666666","0488","030","AS","2018-10-17 17:00:52","2018-10-17 17:02:40",NULL,"O",NULL,NULL,NULL,NULL,NULL,NULL,NULL
"11020552","666666","0489","031","AS","2018-10-17 17:00:52","2018-10-17 17:02:42",NULL,"O",NULL,NULL,NULL,NULL,NULL,NULL,NULL
"11020555","666666","0490","100","RC","2018-10-17 17:00:52","2018-10-17 17:02:44",NULL,"O",NULL,NULL,NULL,NULL,NULL,NULL,NULL
"11020557","666666","0491","006","AK","2018-10-17 17:00:53","2018-10-17 17:02:47",NULL,"O",NULL,NULL,NULL,NULL,NULL,NULL,NULL
"11020560","666666","0492","007","AK","2018-10-17 17:00:53","2018-10-17 17:02:49",NULL,"O",NULL,NULL,NULL,NULL,NULL,NULL,NULL
"11020563","666666","0493","009","AK","2018-10-17 17:00:53","2018-10-17 17:02:51",NULL,"O",NULL,NULL,NULL,NULL,NULL,NULL,NULL
"11020566","666666","0494","010","AK","2018-10-17 17:00:53","2018-10-17 17:02:53",NULL,"O",NULL,NULL,NULL,NULL,NULL,NULL,NULL
"11020568","666666","0495","011","AK","2018-10-17 17:00:53","2018-10-17 17:02:55",NULL,"O",NULL,NULL,NULL,NULL,NULL,NULL,NULL
"11020570","666666","0496","012","AK","2018-10-17 17:00:53","2018-10-17 17:02:57",NULL,"O",NULL,NULL,NULL,NULL,NULL,NULL,NULL
"11020572","666666","0497","014","AK","2018-10-17 17:00:53","2018-10-17 17:03:00",NULL,"O",NULL,NULL,NULL,NULL,NULL,NULL,NULL
"11020574","666666","0498","015","AK","2018-10-17 17:00:53","2018-10-17 17:03:02",NULL,"O",NULL,NULL,NULL,NULL,NULL,NULL,NULL
"11020578","666666","0499","016","AK","2018-10-17 17:00:53","2018-10-17 17:03:05",NULL,"O",NULL,NULL,NULL,NULL,NULL,NULL,NULL
"11020581","666666","0500","017","AK","2018-10-17 17:00:53","2018-10-17 17:03:07",NULL,"O",NULL,NULL,NULL,NULL,NULL,NULL,NULL
"11020585","666666","0501","020","AK","2018-10-17 17:00:53","2018-10-17 17:03:10",NULL,"O",NULL,NULL,NULL,NULL,NULL,NULL,NULL
"11020589","666666","0502","021","AK","2018-10-17 17:00:53","2018-10-17 17:03:12",NULL,"O",NULL,NULL,NULL,NULL,NULL,NULL,NULL
"11020591","666666","0503","023","AK","2018-10-17 17:00:53","2018-10-17 17:03:15",NULL,"O",NULL,NULL,NULL,NULL,NULL,NULL,NULL
"11020596","666666","0504","024","AK","2018-10-17 17:00:53","2018-10-17 17:03:18",NULL,"O",NULL,NULL,NULL,NULL,NULL,NULL,NULL
"11020598","666666","0505","029","AK","2018-10-17 17:00:53","2018-10-17 17:03:20",NULL,"O",NULL,NULL,NULL,NULL,NULL,NULL,NULL
"11020601","666666","0506","030","AK","2018-10-17 17:00:53","2018-10-17 17:03:22",NULL,"O",NULL,NULL,NULL,NULL,NULL,NULL,NULL
"11020604","666666","0507","031","AK","2018-10-17 17:00:53","2018-10-17 17:03:25",NULL,"O",NULL,NULL,NULL,NULL,NULL,NULL,NULL
"11020606","666666","0508","100","RO","2018-10-17 17:00:58","2018-10-17 17:03:27",NULL,"O",NULL,NULL,NULL,NULL,NULL,NULL,NULL
"11020609","666666","0509","023","BR","2018-10-17 17:01:32","2018-10-17 17:03:29",NULL,"O",NULL,NULL,NULL,NULL,NULL,NULL,NULL
"11020615","666666","0510","023","BA","2018-10-17 17:01:33","2018-10-17 17:03:31","css engineer on site","C","S","SURAJ","2018-10-17 17:30:24","192.168.0.51","Tamper Switch","0","R"
"11020616","666666","0511","100","RC","2018-10-17 17:01:33","2018-10-17 17:03:33",NULL,"O",NULL,NULL,NULL,NULL,NULL,NULL,NULL
"11020620","666666","0512","100","RO","2018-10-17 17:01:44","2018-10-17 17:03:36",NULL,"O",NULL,NULL,NULL,NULL,NULL,NULL,NULL
"11082938","666666","0513","021","BR","2018-10-17 17:28:59","2018-10-18 09:27:12",NULL,"O",NULL,NULL,NULL,NULL,NULL,NULL,NULL
"11082941","666666","0514","174","BR","2018-10-18 09:26:59","2018-10-18 09:27:14",NULL,"O",NULL,NULL,NULL,NULL,NULL,NULL,NULL
"11083189","666666","0519","174","BA","2018-10-18 09:32:20","2018-10-18 09:32:40",NULL,"O",NULL,NULL,NULL,NULL,NULL,NULL,NULL
"11084876","666666","0528","174","BR","2018-10-18 09:58:42","2018-10-18 09:59:01",NULL,"O",NULL,NULL,NULL,NULL,NULL,NULL,NULL
"11085206","666666","0532","174","BA","2018-10-18 10:04:00","2018-10-18 10:04:23",NULL,"O",NULL,NULL,NULL,NULL,NULL,NULL,NULL
"11085620","666666","0541","101","RO","2018-10-18 10:10:16","2018-10-18 10:10:43",NULL,"O",NULL,NULL,NULL,NULL,NULL,NULL,NULL
"11085622","666666","0542","021","BA","2018-10-18 10:10:16","2018-10-18 10:10:45","css superviouser on the site","C","S","RAJ","2018-10-18 10:17:54","192.168.0.52","Backroom door","0","R"
"11085628","666666","0543","100","RC","2018-10-18 10:10:16","2018-10-18 10:10:48",NULL,"O",NULL,NULL,NULL,NULL,NULL,NULL,NULL
"11085631","666666","0544","100","RO","2018-10-18 10:10:27","2018-10-18 10:10:50",NULL,"O",NULL,NULL,NULL,NULL,NULL,NULL,NULL
"11085634","666666","0545","101","RC","2018-10-18 10:10:32","2018-10-18 10:10:52",NULL,"O",NULL,NULL,NULL,NULL,NULL,NULL,NULL
"11085740","666666","0546","101","RC","2018-10-18 10:10:32","2018-10-18 10:12:58",NULL,"O",NULL,NULL,NULL,NULL,NULL,NULL,NULL
"11085871","666666","0547","101","RC","2018-10-18 10:10:32","2018-10-18 10:15:05",NULL,"O",NULL,NULL,NULL,NULL,NULL,NULL,NULL
"11086013","666666","0548","101","RC","2018-10-18 10:10:32","2018-10-18 10:17:11",NULL,"O",NULL,NULL,NULL,NULL,NULL,NULL,NULL
"11086146","666666","0549","101","RC","2018-10-18 10:10:32","2018-10-18 10:19:17",NULL,"O",NULL,NULL,NULL,NULL,NULL,NULL,NULL
"11086165","666666","0550","101","RC","2018-10-18 10:10:32","2018-10-18 10:19:40",NULL,"O",NULL,NULL,NULL,NULL,NULL,NULL,NULL
