id,ip,status,cam1,cam2,cam3,cam4,hdd,latency,cdate,login_status,last_communication,atmid,capacity,freespace,recording_from,recording_to,dvrtype
5,10.236.40.43,0,NULL,NULL,NULL,NULL,NULL,,30-07-2019 16:06,0,0000-00-00 00:00:00,P3DCMR10,,,,,Hikvision
18,10.236.40.40,1,working,working,not working,NULL,ok,668ms,30-07-2019 16:06,0,30-07-2019 16:06,P3DCIN02,1907729,0,2019-05-11T06:00:01Z,,Hikvision
31,10.60.241.60,1,working,working,working,NULL,ok,711ms,30-07-2019 16:06,0,30-07-2019 16:06,P1DCMU24,1907729,0,2019-06-17T14:24:40Z,,Hikvision
32,10.60.240.42,1,working,working,working,NULL,ok,532ms,30-07-2019 16:07,0,30-07-2019 16:07,P1DCMU95,1907729,0,2019-04-24T05:14:17Z,,Hikvision
33,10.60.240.114,1,working,working,working,NULL,unformatted,216ms,30-07-2019 16:46,0,30-07-2019 16:46,P1DCMU28,1907729,0,,,Hikvision
34,10.60.240.91,1,working,working,working,NULL,ok,340ms,30-07-2019 16:07,0,30-07-2019 16:07,P1DCMU39,1907729,0,2019-07-16T19:06:35Z,,Hikvision
35,10.60.240.35,1,working,working,working,NULL,ok,857ms,30-07-2019 16:08,0,30-07-2019 16:08,P1DCMU73,1907729,0,2019-06-19T11:39:49Z,,Hikvision
36,10.185.181.68,1,NULL,NULL,NULL,NULL,NULL,NULL,30-07-2019 16:08,1,0000-00-00 00:00:00,P1DCMU52,,,,,Hikvision
37,10.60.240.135,1,working,working,working,NULL,ok,421ms,30-07-2019 16:08,0,30-07-2019 16:08,P1DCMU44,1907729,1171456,2019-07-05T13:22:28Z,,Hikvision
40,10.60.241.247,1,working,working,working,NULL,ok,749ms,30-07-2019 16:09,0,30-07-2019 16:09,P1DCMU17,1907729,0,2019-05-28T15:04:59Z,,Hikvision
44,10.60.240.39,1,working,working,working,NULL,ok,362ms,30-07-2019 16:09,0,30-07-2019 16:09,P1DCMU47,1907729,0,,,Hikvision
45,10.60.240.126,1,working,working,working,NULL,ok,780ms,30-07-2019 16:10,0,30-07-2019 16:10,P3DCMU06,1907729,0,2019-06-02T03:51:33Z,,Hikvision
46,10.60.240.140,1,working,working,not working,NULL,ok,625ms,30-07-2019 16:10,0,30-07-2019 16:10,P1DCMU20,1907729,0,2019-05-21T23:46:43Z,,Hikvision
49,10.60.240.115,1,working,working,working,NULL,ok,580ms,30-07-2019 16:11,0,30-07-2019 16:11,P1DCMU80,1907729,1474560,2019-05-28T15:43:54Z,,Hikvision
50,10.236.40.161,1,working,working,working,NULL,ok,486ms,30-07-2019 16:11,0,30-07-2019 16:11,P1DCHY60,1907729,0,2019-04-21T12:39:01Z,,Hikvision
52,10.60.240.141,1,working,working,working,NULL,ok,366ms,30-07-2019 16:11,0,30-07-2019 16:11,P1DCMU40,1907729,0,2019-06-28T03:37:30Z,,Hikvision
56,10.60.240.164,1,working,working,working,NULL,ok,184ms,30-07-2019 16:11,0,30-07-2019 16:11,P1DCMU07,1907729,1903616,,,Hikvision
58,10.60.240.116,0,NULL,NULL,NULL,NULL,NULL,,30-07-2019 16:12,0,0000-00-00 00:00:00,P1DCMU41,,,,,Hikvision
59,10.236.40.142,1,working,working,working,NULL,ok,223ms,30-07-2019 16:12,0,30-07-2019 16:12,P1DCHY99,1907729,0,,,Hikvision
62,10.60.242.136,1,working,working,working,NULL,ok,733ms,30-07-2019 16:12,0,30-07-2019 16:12,P1DCMU45,1907729,0,2019-05-18T06:52:35Z,,Hikvision
66,10.236.40.147,1,working,working,working,NULL,ok,504ms,30-07-2019 16:13,0,30-07-2019 16:13,P1DCHY23,1907729,0,2019-06-21T13:13:22Z,,Hikvision
71,10.236.40.112,1,working,working,working,NULL,ok,245ms,30-07-2019 16:13,0,30-07-2019 16:13,P1DCHD10,1907729,0,2019-05-30T04:42:15Z,,Hikvision
73,10.60.240.112,1,working,working,working,NULL,ok,860ms,30-07-2019 16:13,0,30-07-2019 16:13,P3DCMU11,1907729,0,2019-05-31T15:59:36Z,,Hikvision
75,10.236.40.167,0,working,working,working,NULL,ok,1123ms,30-07-2019 16:14,0,30-07-2019 13:41,P1DCHY26,1907729,0,2019-07-18T11:30:50Z,,Hikvision
80,10.236.40.107,1,working,working,working,NULL,notexist,363ms,30-07-2019 16:14,0,30-07-2019 16:14,P1DCHY61,0,0,,,Hikvision
81,10.60.240.99,1,working,working,working,NULL,ok,301ms,30-07-2019 16:14,0,30-07-2019 16:14,P1DCMU38,1907729,0,2019-06-05T06:42:24Z,,Hikvision
84,10.236.40.177,1,working,working,working,NULL,ok,514ms,30-07-2019 16:15,0,30-07-2019 16:15,P1DCHY13,1907729,0,2019-07-10T23:39:39Z,,Hikvision
86,10.236.40.106,1,working,working,working,NULL,ok,397ms,30-07-2019 16:15,0,30-07-2019 16:15,P1DCHY78,1907729,0,2019-07-10T22:49:40Z,,Hikvision
89,10.236.40.168,1,working,working,working,NULL,ok,251ms,30-07-2019 16:15,0,30-07-2019 16:15,P1DCHY93,1907729,0,2019-06-07T09:30:56Z,,Hikvision
91,10.60.241.82,1,working,working,working,NULL,ok,638ms,30-07-2019 16:16,0,30-07-2019 16:16,P3ECDE13,1907729,0,2019-06-16T19:29:35Z,,Hikvision
97,10.236.40.89,0,NULL,NULL,NULL,NULL,NULL,,30-07-2019 16:31,0,0000-00-00 00:00:00,P1DCHY53,,,,,Hikvision
100,10.60.241.98,0,working,working,working,NULL,ok,1042ms,30-07-2019 16:16,0,30-07-2019 13:44,P1DCDL02,1907729,0,2019-07-14T09:37:07Z,,Hikvision
101,10.60.241.89,1,NULL,NULL,NULL,NULL,NULL,NULL,30-07-2019 16:16,1,0000-00-00 00:00:00,P1DCDL40,,,,,Hikvision
102,10.185.181.138,1,working,working,working,NULL,error,286ms,30-07-2019 16:17,0,30-07-2019 16:17,P1DCHY67,1907729,0,,,Hikvision
103,10.236.40.102,1,working,working,not working,NULL,ok,426ms,30-07-2019 16:17,0,30-07-2019 16:17,P1DCHY43,1907729,0,,,Hikvision
104,10.236.40.252,1,working,working,not working,NULL,ok,371ms,30-07-2019 16:17,0,30-07-2019 16:17,P1DCDL33,1907729,0,2019-06-05T20:42:44Z,,Hikvision
105,10.236.212.1,1,working,working,working,NULL,ok,220ms,30-07-2019 16:18,0,30-07-2019 16:18,P1DCDL48,1907729,0,2019-05-09T03:29:45Z,,Hikvision
106,10.236.212.4,1,working,working,working,NULL,ok,974ms,30-07-2019 16:18,0,30-07-2019 16:18,P1DCDL46,1907729,0,2019-06-17T10:13:47Z,,Hikvision
107,10.236.40.108,1,working,working,working,NULL,ok,539ms,30-07-2019 16:19,0,30-07-2019 16:19,P1DCHY12,1907729,0,2019-07-16T20:07:04Z,,Hikvision
108,10.236.212.31,1,working,working,working,NULL,ok,599ms,30-07-2019 16:19,0,30-07-2019 16:19,P1DCPT09,1907729,1743872,2019-07-25T14:33:10Z,,Hikvision
112,10.236.40.199,1,working,working,working,NULL,ok,397ms,30-07-2019 16:19,0,30-07-2019 16:19,P1DCDL59,1907729,0,2019-07-04T18:59:45Z,,Hikvision
113,10.236.40.197,0,NULL,NULL,NULL,NULL,NULL,,30-07-2019 16:20,0,0000-00-00 00:00:00,P1DCDL11,,,,,Hikvision
114,10.236.40.97,1,working,working,working,NULL,ok,270ms,30-07-2019 16:20,0,30-07-2019 16:20,P1DCHY40,1907729,0,2019-05-09T00:51:32Z,,Hikvision
115,10.236.40.93,1,working,working,working,NULL,ok,583ms,30-07-2019 16:20,0,30-07-2019 16:20,P1DCHY59,1907729,0,2019-07-01T13:11:34Z,,Hikvision
116,10.236.40.95,1,working,working,working,NULL,ok,445ms,30-07-2019 16:20,0,30-07-2019 16:20,P1DCHY66,1907729,0,2019-06-11T01:27:21Z,,Hikvision
117,10.236.212.19,1,working,working,working,NULL,ok,435ms,30-07-2019 16:21,0,30-07-2019 16:21,P1DCAV04,1907729,0,2019-07-12T04:29:19Z,,Hikvision
119,10.60.240.75,1,working,working,working,NULL,ok,601ms,30-07-2019 16:21,0,30-07-2019 16:21,P1DCAV03,1907729,0,2019-07-14T17:24:58Z,,Hikvision
120,10.60.240.18,1,working,working,working,NULL,ok,398ms,30-07-2019 13:48,0,30-07-2019 13:48,P1DCAV05,1907729,0,2019-05-03T10:00:17Z,,Hikvision
121,10.60.240.17,1,working,working,working,NULL,,215ms,30-07-2019 13:49,0,30-07-2019 13:49,P1DCAV02,,,,,Hikvision
122,10.236.212.57,0,NULL,NULL,NULL,NULL,NULL,,30-07-2019 13:49,0,0000-00-00 00:00:00,P1DCDL26,,,,,Hikvision
123,10.236.40.198,1,working,working,working,NULL,ok,452ms,30-07-2019 13:49,0,30-07-2019 13:49,P1DCDL44,1907729,467968,2019-04-25T13:49:04Z,,Hikvision
125,10.236.40.254,1,NULL,NULL,NULL,NULL,NULL,NULL,30-07-2019 13:50,1,0000-00-00 00:00:00,P1DCDL67,,,,,Hikvision
165,10.236.40.105,1,working,working,working,NULL,ok,239ms,30-07-2019 16:31,0,30-07-2019 16:31,P1DCHY17,1907729,1550336,2019-07-17T16:42:22Z,,Hikvision
166,10.236.40.109,1,working,working,working,NULL,ok,465ms,30-07-2019 16:31,0,30-07-2019 16:31,P1DCHY37,1907729,0,2019-06-28T23:36:22Z,,Hikvision
168,10.236.40.216,1,not working,not working,not working,NULL,ok,509ms,30-07-2019 16:16,0,30-07-2019 16:16,P1DCHY82,1907729,0,2019-07-07T12:20:49Z,,Hikvision
172,10.185.180.113,1,working,working,working,NULL,ok,529ms,30-07-2019 16:32,0,30-07-2019 16:32,P3DCKN01,1907729,0,,,Hikvision
173,10.185.182.30,1,NULL,NULL,NULL,NULL,NULL,NULL,30-07-2019 16:32,1,0000-00-00 00:00:00,P3DCRD02,,,,,Hikvision
174,10.60.240.79,0,working,working,working,NULL,ok,1614ms,30-07-2019 16:32,0,30-07-2019 16:07,P1DCHY86,1907729,0,2019-05-25T04:55:06Z,,Hikvision
175,10.185.180.85,1,working,working,working,NULL,ok,682ms,30-07-2019 16:33,0,30-07-2019 16:33,P1DCDL63,1907729,0,2019-06-19T10:35:24Z,,Hikvision
176,10.236.40.111,0,NULL,NULL,NULL,NULL,NULL,,30-07-2019 16:33,0,0000-00-00 00:00:00,P1DCHY36,,,,,Hikvision
177,10.236.40.211,0,NULL,NULL,NULL,NULL,NULL,,30-07-2019 16:33,0,0000-00-00 00:00:00,P1DCHD02,,,,,Hikvision
179,10.236.40.91,1,working,working,working,NULL,ok,221ms,30-07-2019 16:34,0,30-07-2019 16:34,P1DCHY51,1907729,0,2019-06-12T00:08:57Z,,Hikvision
180,10.60.240.102,0,NULL,NULL,NULL,NULL,NULL,,30-07-2019 16:35,0,0000-00-00 00:00:00,P3DCHK04,,,,,Hikvision
181,10.236.212.29,1,working,working,working,NULL,ok,459ms,30-07-2019 16:35,0,30-07-2019 16:35,P3DCHK02,1907729,0,2019-05-19T05:02:07Z,,Hikvision
182,10.236.212.30,1,NULL,NULL,NULL,NULL,NULL,NULL,30-07-2019 16:35,1,0000-00-00 00:00:00,P3DCGT11,,,,,Hikvision
183,10.236.40.190,1,working,working,working,NULL,ok,532ms,30-07-2019 16:36,0,30-07-2019 16:36,P3DCGT12,1907729,0,2019-05-14T22:32:56Z,,Hikvision
184,10.236.212.23,0,NULL,NULL,NULL,NULL,NULL,,30-07-2019 16:36,0,0000-00-00 00:00:00,P3DCHK03,,,,,Hikvision
185,10.236.212.13,1,working,not working,working,NULL,ok,531ms,30-07-2019 16:36,0,30-07-2019 16:36,P3DCWR02,1907729,0,2019-05-09T11:26:18Z,,Hikvision
186,10.236.40.227,1,working,working,working,NULL,ok,427ms,30-07-2019 16:36,0,30-07-2019 16:36,P3DCHK05,1907729,0,2019-07-09T07:52:25Z,,Hikvision
187,10.60.240.38,1,working,working,working,NULL,ok,548ms,30-07-2019 16:37,0,30-07-2019 16:37,P3DCHK01,1907729,0,2019-04-29T18:44:02Z,,Hikvision
188,10.236.40.69,1,working,working,working,NULL,ok,810ms,30-07-2019 16:37,0,30-07-2019 16:37,P3DCWR03,1907729,0,2019-07-18T22:21:32Z,,Hikvision
189,10.60.240.49,1,working,not working,working,NULL,notexist,450ms,30-07-2019 16:38,0,30-07-2019 16:38,P3DCGT04,1907729,0,,,Hikvision
192,10.236.40.200,1,working,not working,not working,NULL,ok,493ms,30-07-2019 16:38,0,30-07-2019 16:38,P3DCDL03,1907729,520192,,,Hikvision
193,10.236.212.12,1,working,working,working,NULL,notexist,583ms,30-07-2019 16:38,0,30-07-2019 16:38,P3DCND02,0,0,,,Hikvision
194,10.236.40.173,1,working,working,working,NULL,ok,407ms,30-07-2019 16:39,0,30-07-2019 16:39,P1DCHY08,1907729,0,2019-06-17T11:41:44Z,,Hikvision
195,10.185.181.63,0,NULL,NULL,NULL,NULL,NULL,,30-07-2019 16:40,0,0000-00-00 00:00:00,P1DCHY05,,,,,Hikvision
196,10.236.212.34,1,working,working,working,NULL,ok,361ms,30-07-2019 16:40,0,30-07-2019 16:40,P1DCPT11,1907729,0,2019-06-04T09:57:50Z,,Hikvision
197,10.236.212.35,0,NULL,NULL,NULL,NULL,NULL,,30-07-2019 16:40,0,0000-00-00 00:00:00,P1DCPT12,,,,,Hikvision
199,10.236.212.26,1,working,working,working,NULL,notexist,287ms,30-07-2019 16:40,0,30-07-2019 16:40,P3DCWN03,1907729,0,,,Hikvision
200,10.236.40.187,0,NULL,NULL,NULL,NULL,NULL,,30-07-2019 16:41,0,0000-00-00 00:00:00,P1DCHY48,,,,,Hikvision
201,10.185.180.77,0,NULL,NULL,NULL,NULL,NULL,,30-07-2019 16:41,0,0000-00-00 00:00:00,P1DCHY95,,,,,Hikvision
202,10.236.40.90,1,working,working,not working,NULL,notexist,533ms,30-07-2019 16:41,0,30-07-2019 16:41,P1DCHY96,1907729,0,,,Hikvision
203,10.236.212.33,1,working,working,working,NULL,ok,452ms,30-07-2019 16:42,0,30-07-2019 16:42,P1DCPT03,1907729,0,2019-07-02T05:11:39Z,,Hikvision
204,10.236.212.32,1,working,working,working,NULL,ok,88ms,30-07-2019 16:42,0,30-07-2019 16:42,P1DCPT01,1907729,0,2019-06-28T23:08:07Z,,Hikvision
207,10.236.212.44,1,working,working,working,NULL,notexist,502ms,30-07-2019 16:42,0,30-07-2019 16:42,P1DCGY02,1907729,0,,,Hikvision
208,10.60.240.80,1,working,working,working,NULL,ok,494ms,30-07-2019 16:43,0,30-07-2019 16:43,P1DCHY62,1907729,0,2019-07-15T08:43:02Z,,Hikvision
211,10.236.40.237,1,working,working,working,NULL,ok,382ms,30-07-2019 16:43,0,30-07-2019 16:43,P1DCBG03,1907729,0,2019-05-17T14:24:50Z,,Hikvision
214,10.236.212.96,1,working,working,working,NULL,notexist,839ms,30-07-2019 16:43,0,30-07-2019 16:43,P3ECUP04,0,0,,,Hikvision
216,10.60.241.241,1,NULL,NULL,NULL,NULL,NULL,NULL,30-07-2019 16:44,1,0000-00-00 00:00:00,P1ENDL21,,,,,Hikvision
222,10.236.212.206,1,working,working,working,NULL,ok,408ms,30-07-2019 16:44,0,30-07-2019 16:44,P3ECDE21,1907729,0,2019-06-04T08:36:40Z,,Hikvision
228,10.60.240.197,1,working,working,working,NULL,ok,275ms,30-07-2019 16:45,0,30-07-2019 16:45,P3ENDL18,1907729,710656,2019-06-01T06:00:00Z,,Hikvision
245,10.236.212.157,1,working,working,working,NULL,ok,471ms,30-07-2019 16:45,0,30-07-2019 16:45,P1ENCN20,1907729,0,2019-07-13T14:04:07Z,,Hikvision
254,10.60.241.141,1,working,working,working,NULL,ok,542ms,30-07-2019 16:45,0,30-07-2019 16:45,P1ENCI26,1907729,0,2019-07-07T23:07:48Z,,Hikvision
283,10.185.180.162,1,working,working,working,NULL,ok,422ms,30-07-2019 16:45,0,30-07-2019 16:45,P3ENPU22,1907729,0,2019-05-30T09:43:50Z,,Hikvision
285,10.185.181.202,1,working,working,working,NULL,ok,679ms,30-07-2019 16:45,0,30-07-2019 16:45,P3ENKK05,1907729,1799168,2019-05-10T19:14:00Z,,Hikvision
302,10.185.181.183,1,working,working,working,NULL,notexist,411ms,30-07-2019 16:46,0,30-07-2019 16:46,P1ENMU25,0,0,,,Hikvision
307,10.60.241.63,1,working,working,working,NULL,ok,62ms,30-07-2019 16:46,0,30-07-2019 16:46,P1ECPU05,1907729,0,,,Hikvision
332,10.185.181.118,1,working,working,working,NULL,ok,353ms,30-07-2019 16:47,0,30-07-2019 16:47,MC016882,1907729,0,2019-05-22T00:00:23Z,,Hikvision
341,10.60.241.76,1,working,working,working,NULL,ok,451ms,30-07-2019 16:48,0,30-07-2019 16:48,P1ECDL14,953869,0,,,Hikvision
344,10.60.240.137,0,NULL,NULL,NULL,NULL,NULL,,30-07-2019 16:48,0,0000-00-00 00:00:00,P3ENDL07,,,,,Hikvision
351,10.60.240.170,0,NULL,NULL,NULL,NULL,NULL,,30-07-2019 16:48,0,0000-00-00 00:00:00,P3DCJM05,,,,,Hikvision
367,10.60.241.232,1,NULL,NULL,NULL,NULL,NULL,NULL,30-07-2019 16:49,1,0000-00-00 00:00:00,P3DCKH02,,,,,Hikvision
368,10.236.212.27,0,NULL,NULL,NULL,NULL,NULL,,30-07-2019 16:49,0,0000-00-00 00:00:00,P3DCKN02,,,,,Hikvision
369,10.236.212.39,1,working,working,not working,NULL,ok,105ms,30-07-2019 16:49,0,30-07-2019 16:49,P1DCBG02,1907729,0,2019-04-20T22:31:16Z,,Hikvision
370,10.185.181.40,1,working,working,working,NULL,notexist,306ms,30-07-2019 16:49,0,30-07-2019 16:49,P1DCBG04,1907729,0,,,Hikvision
371,10.236.212.38,1,working,working,working,NULL,ok,483ms,30-07-2019 16:50,0,30-07-2019 16:50,P1DCBG01,1907729,0,2019-06-14T01:59:19Z,,Hikvision
373,10.236.212.240,1,working,working,working,NULL,ok,214ms,30-07-2019 16:50,0,30-07-2019 16:50,P3ENGG03,953869,0,2019-06-17T14:33:25Z,,Hikvision
383,10.60.243.95,1,working,working,working,NULL,ok,534ms,30-07-2019 16:50,0,30-07-2019 16:50,P1EWPU33,1907729,0,2019-05-19T03:14:34Z,,Hikvision
401,10.60.240.163,1,working,working,working,NULL,ok,169ms,30-07-2019 16:51,0,30-07-2019 16:51,SC004808,1907729,139264,2019-07-16T23:53:58Z,,Hikvision
407,10.60.243.71,1,working,working,working,NULL,ok,757ms,30-07-2019 16:51,0,30-07-2019 16:51,P3ENPU24,1907729,0,2019-07-14T15:19:39Z,,Hikvision
413,10.236.40.209,1,working,working,working,NULL,ok,432ms,30-07-2019 16:51,0,30-07-2019 16:51,P1DCHD06,1907729,0,2019-07-14T07:46:29Z,,Hikvision
424,10.236.40.189,1,working,working,working,NULL,ok,454ms,30-07-2019 16:51,0,30-07-2019 16:51,P3DCOG05,1907729,0,2019-07-10T22:56:54Z,,Hikvision
426,10.236.40.191,1,working,not working,working,NULL,ok,492ms,30-07-2019 16:51,0,30-07-2019 16:51,P3DCNE08,1907729,0,2019-07-16T23:20:38Z,,Hikvision
427,10.185.181.39,0,NULL,NULL,NULL,NULL,NULL,,30-07-2019 16:52,0,0000-00-00 00:00:00,P1DCCP02,,,,,Hikvision
428,10.236.40.236,1,working,working,working,NULL,error,435ms,30-07-2019 16:52,0,30-07-2019 16:52,P1DCCP03,1907729,0,,,Hikvision
429,10.236.212.43,1,working,working,working,NULL,ok,424ms,30-07-2019 16:52,0,30-07-2019 16:52,P1DCMZ04,1907729,0,2019-05-21T19:46:12Z,,Hikvision
431,10.236.40.23,1,working,working,working,NULL,ok,359ms,30-07-2019 16:53,0,30-07-2019 16:53,P1DCMZ07,1907729,0,2019-05-23T22:12:26Z,,Hikvision
437,10.236.212.36,1,working,working,working,NULL,ok,469ms,30-07-2019 16:53,0,30-07-2019 16:53,P1DCCP01,1907729,0,2019-06-25T20:11:47Z,,Hikvision
441,10.236.40.238,0,NULL,NULL,NULL,NULL,NULL,,30-07-2019 16:53,0,0000-00-00 00:00:00,P3DCJM14,,,,,Hikvision
442,10.236.40.96,1,working,working,working,NULL,error,267ms,30-07-2019 16:54,0,30-07-2019 16:54,P1DCHY92,1907729,0,,,Hikvision
446,10.236.212.238,1,NULL,NULL,NULL,NULL,NULL,NULL,30-07-2019 16:54,1,0000-00-00 00:00:00,P3ECKT01,,,,,Hikvision
447,10.60.240.168,1,working,working,working,NULL,ok,504ms,30-07-2019 16:54,0,30-07-2019 16:54,MN004835,1907729,0,2019-07-08T18:56:50Z,,Hikvision
464,10.236.40.157,0,NULL,NULL,NULL,NULL,NULL,,30-07-2019 16:28,0,0000-00-00 00:00:00,P1DCHD15,,,,,Hikvision
476,10.60.241.235,0,NULL,NULL,NULL,NULL,NULL,,30-07-2019 16:28,0,0000-00-00 00:00:00,P1DCAV10,,,,,Hikvision
494,10.236.212.165,1,working,working,working,NULL,ok,677ms,30-07-2019 16:28,0,30-07-2019 16:28,P1EWGU01,1907729,1438720,2019-06-13T18:44:41Z,,Hikvision
563,10.60.240.209,0,NULL,NULL,NULL,NULL,NULL,1396ms,30-07-2019 16:29,0,0000-00-00 00:00:00,P3ENDE41,,,,,Hikvision
568,10.60.240.41,1,working,working,working,NULL,ok,336ms,30-07-2019 16:30,0,30-07-2019 16:30,MN004858,953869,0,2019-07-18T12:19:16Z,,Hikvision
579,10.236.212.83,0,NULL,NULL,NULL,NULL,NULL,1353ms,30-07-2019 16:30,0,0000-00-00 00:00:00,P3ENND17,,,,,Hikvision
586,10.185.180.11,0,NULL,NULL,NULL,NULL,NULL,,30-07-2019 16:31,0,0000-00-00 00:00:00,P3DCJM17,,,,,Hikvision
589,10.60.240.201,0,NULL,NULL,NULL,NULL,NULL,1111ms,30-07-2019 16:05,0,0000-00-00 00:00:00,P3ENDE38,,,,,Hikvision
596,10.236.212.115,1,working,working,working,NULL,ok,872ms,30-07-2019 16:06,0,30-07-2019 16:06,P3ENDE37,1907729,1649664,2019-07-12T14:57:52Z,,Hikvision
603,10.60.240.88,0,NULL,NULL,NULL,NULL,NULL,,30-07-2019 16:06,0,0000-00-00 00:00:00,P4ENGZ01,,,,,Hikvision
604,10.236.212.146,1,working,working,working,NULL,ok,507ms,30-07-2019 16:07,0,30-07-2019 16:07,P3ENCO13,1907729,0,,,Hikvision
606,10.60.241.147,1,working,working,working,NULL,ok,526ms,30-07-2019 16:07,0,30-07-2019 16:07,P1EWBA32,1907729,0,,,Hikvision
611,10.60.240.63,1,working,working,working,NULL,ok,942ms,30-07-2019 16:07,0,30-07-2019 16:07,P3ENOD05,1907729,0,2019-06-08T04:17:15Z,,Hikvision
616,10.185.180.31,1,working,working,working,NULL,ok,103ms,30-07-2019 16:08,0,30-07-2019 16:08,P1DCMZ01,1907729,1748992,2019-07-25T20:48:21Z,,Hikvision
618,10.236.40.235,1,working,working,working,NULL,smartFailed,298ms,30-07-2019 16:09,0,30-07-2019 16:09,P1DCAM17,1907729,0,2019-06-20T20:09:33Z,,Hikvision
620,10.185.180.67,1,working,working,not working,NULL,ok,442ms,30-07-2019 16:09,0,30-07-2019 16:09,P1DCGY04,1907729,0,2019-05-23T13:46:23Z,,Hikvision
623,10.236.40.233,1,working,working,working,NULL,ok,572ms,30-07-2019 16:10,0,30-07-2019 16:10,P3ENPL01,1907729,0,2019-05-24T17:36:01Z,,Hikvision
628,10.185.181.208,1,working,working,working,NULL,ok,554ms,30-07-2019 16:10,0,30-07-2019 16:10,P3ENTR11,1907729,0,2019-06-10T15:28:07Z,,Hikvision
632,10.185.181.180,1,working,working,working,NULL,ok,764ms,30-07-2019 16:11,0,30-07-2019 16:11,P3ENGZ11,1907729,0,2019-04-20T13:17:06Z,,Hikvision
633,10.236.212.134,1,working,working,working,NULL,ok,486ms,30-07-2019 16:11,0,30-07-2019 16:11,P1DCDL38,1907729,0,2019-05-30T10:44:43Z,,Hikvision
636,10.60.240.22,1,NULL,NULL,NULL,NULL,NULL,NULL,30-07-2019 16:11,1,0000-00-00 00:00:00,P3ENMR01,,,,,Hikvision
637,10.60.240.47,1,NULL,NULL,NULL,NULL,NULL,NULL,30-07-2019 16:12,1,0000-00-00 00:00:00,P3ENFB01,,,,,Hikvision
638,10.60.240.60,1,working,working,working,NULL,ok,420ms,30-07-2019 16:12,0,30-07-2019 16:12,P1DCMU27,1907729,0,2019-06-03T21:54:38Z,,Hikvision
639,10.60.240.55,1,working,working,working,NULL,ok,498ms,30-07-2019 16:13,0,30-07-2019 16:13,P1DCMU25,1907729,0,2019-07-01T01:43:56Z,,Hikvision
642,10.60.240.46,1,working,working,not working,NULL,ok,620ms,30-07-2019 16:14,0,30-07-2019 16:14,P3ENTD01,1907729,0,2019-05-22T13:23:53Z,,Hikvision
643,10.60.240.13,1,working,working,working,NULL,ok,664ms,30-07-2019 16:14,0,30-07-2019 16:14,MC002946,1907729,0,,,Hikvision
644,10.60.240.117,0,NULL,NULL,NULL,NULL,NULL,,30-07-2019 16:15,0,0000-00-00 00:00:00,MC002703,,,,,Hikvision
645,10.60.240.187,1,working,working,working,NULL,ok,320ms,30-07-2019 16:15,0,30-07-2019 16:15,P1DCAV09,1907729,0,2019-06-26T13:56:15Z,,Hikvision
677,10.185.180.182,1,working,working,working,NULL,ok,455ms,30-07-2019 13:33,0,30-07-2019 13:33,P3ECKT02,953869,0,2019-07-08T12:59:44Z,,Hikvision
678,10.60.243.88,1,working,working,working,NULL,ok,512ms,30-07-2019 13:33,0,30-07-2019 13:33,P3ECBE20,1907729,0,2019-06-29T13:56:35Z,,Hikvision
679,10.60.241.65,1,working,working,working,NULL,ok,460ms,30-07-2019 13:33,0,30-07-2019 13:33,P3ENPJ01,1907729,1371136,2019-07-10T18:22:25Z,,Hikvision
680,10.60.241.236,1,working,working,working,NULL,ok,461ms,30-07-2019 13:34,0,30-07-2019 13:34,P3DCDW03,1907729,0,2019-04-26T05:55:29Z,,Hikvision
681,10.60.240.202,1,working,working,working,NULL,unformatted,400ms,30-07-2019 13:34,0,30-07-2019 13:34,P3ENMH01,1907729,0,,,Hikvision
682,10.185.181.74,1,working,working,working,NULL,ok,807ms,30-07-2019 13:36,0,30-07-2019 13:36,MC000447,1907729,0,2019-07-18T22:30:52Z,,Hikvision
683,10.185.182.19,1,working,working,working,NULL,notexist,500ms,30-07-2019 13:36,0,30-07-2019 13:36,P1DCBU21,0,0,,,Hikvision
684,10.185.180.106,0,NULL,NULL,NULL,NULL,NULL,,30-07-2019 13:37,0,0000-00-00 00:00:00,P3ENPK02,,,,,Hikvision
685,10.185.180.97,1,working,working,working,NULL,ok,583ms,30-07-2019 13:37,0,30-07-2019 13:37,P3ENPJ04,1907729,0,2019-05-14T12:44:52Z,,Hikvision
686,10.60.242.251,0,NULL,NULL,NULL,NULL,NULL,,30-07-2019 13:37,0,0000-00-00 00:00:00,P3ENLD04,,,,,Hikvision
687,10.185.180.94,1,working,working,working,NULL,ok,632ms,30-07-2019 13:38,0,30-07-2019 13:38,P3ENLD02,1907729,0,,,Hikvision
688,10.185.180.104,1,working,working,working,NULL,notexist,256ms,30-07-2019 13:38,0,30-07-2019 13:38,P3ENJD08,3950,0,,,Hikvision
689,10.185.180.100,1,working,working,working,NULL,ok,801ms,30-07-2019 13:39,0,30-07-2019 13:39,P3ENPJ05,1907729,0,2019-06-24T12:40:44Z,,Hikvision
690,10.60.240.165,0,NULL,NULL,NULL,NULL,NULL,,30-07-2019 13:39,0,0000-00-00 00:00:00,P3ECMI09,,,,,Hikvision
691,10.236.212.243,0,NULL,NULL,NULL,NULL,NULL,1052ms,30-07-2019 13:39,0,0000-00-00 00:00:00,MW004889,,,,,Hikvision
692,10.185.180.103,0,NULL,NULL,NULL,NULL,NULL,,30-07-2019 13:40,0,0000-00-00 00:00:00,MC003611,,,,,Hikvision
693,10.60.241.171,1,working,working,working,NULL,ok,544ms,30-07-2019 13:40,0,30-07-2019 13:40,P3ECHY16,1907729,0,2019-07-03T20:24:52Z,,Hikvision
694,10.185.180.19,1,working,working,working,NULL,notexist,378ms,30-07-2019 13:40,0,30-07-2019 13:40,P1ECDL42,0,0,,,Hikvision
695,10.60.241.242,1,working,working,working,NULL,ok,391ms,30-07-2019 13:40,0,30-07-2019 13:40,P3ECMI12,1907729,0,2019-05-03T15:35:49Z,,Hikvision
696,10.236.40.204,0,NULL,NULL,NULL,NULL,NULL,,30-07-2019 13:41,0,0000-00-00 00:00:00,P3ENPJ03,,,,,Hikvision
698,10.185.180.96,1,working,working,working,NULL,ok,695ms,30-07-2019 13:41,0,30-07-2019 13:41,MC001463,1907729,0,2019-07-02T06:14:24Z,,Hikvision
699,10.185.180.95,1,working,working,working,NULL,ok,651ms,30-07-2019 13:42,0,30-07-2019 13:42,MC003612,1907729,0,,,Hikvision
700,10.236.212.186,1,working,working,working,NULL,ok,888ms,30-07-2019 13:42,0,30-07-2019 13:42,P3ENPK01,1907729,0,2019-05-08T06:00:00Z,,Hikvision
701,10.185.180.86,1,working,working,working,NULL,ok,523ms,30-07-2019 13:42,0,30-07-2019 13:42,MC028304,1907729,0,2019-05-05T22:44:51Z,,Hikvision
702,10.60.242.70,1,working,working,working,NULL,ok,474ms,30-07-2019 13:43,0,30-07-2019 13:43,P1DCBU09,1907729,0,,,Hikvision
703,10.60.241.126,1,working,working,working,NULL,ok,325ms,30-07-2019 13:43,0,30-07-2019 13:43,P3ENBL80,1907729,0,2019-04-20T15:55:06Z,,Hikvision
704,10.185.180.92,1,working,working,working,NULL,ok,451ms,30-07-2019 13:43,0,30-07-2019 13:43,P3ENBL74,1907729,0,2019-06-05T10:19:59Z,,Hikvision
705,10.185.181.110,0,NULL,NULL,NULL,NULL,NULL,,30-07-2019 13:44,0,0000-00-00 00:00:00,MC003610,,,,,Hikvision
706,10.185.180.68,1,working,working,working,NULL,ok,402ms,30-07-2019 13:44,0,30-07-2019 13:44,P3ECHY12,1907729,0,2019-07-09T18:32:58Z,,Hikvision
707,10.185.180.109,0,NULL,NULL,NULL,NULL,NULL,,30-07-2019 13:44,0,0000-00-00 00:00:00,MC000446,,,,,Hikvision
708,10.60.242.79,1,working,working,working,NULL,ok,711ms,30-07-2019 13:45,0,30-07-2019 13:45,SW001105,1907729,0,,,Hikvision
709,10.60.242.80,1,working,working,working,NULL,ok,401ms,30-07-2019 13:45,0,30-07-2019 13:45,MN001106,1907729,0,,,Hikvision
710,10.60.242.95,1,working,working,working,NULL,ok,504ms,30-07-2019 13:45,0,30-07-2019 13:45,P3ENBL79,1907729,0,2019-07-01T16:00:38Z,,Hikvision
711,10.60.242.94,1,working,working,working,NULL,ok,418ms,30-07-2019 13:46,0,30-07-2019 13:46,P3ENBL78,1907729,0,2019-06-20T07:18:43Z,,Hikvision
714,10.60.242.89,1,working,working,working,NULL,ok,462ms,30-07-2019 16:06,0,30-07-2019 16:06,MC000867,1907729,0,2019-07-07T14:09:06Z,,Hikvision
715,10.185.181.143,1,working,working,working,NULL,ok,195ms,30-07-2019 16:06,0,30-07-2019 16:06,201304915,1907729,0,2019-06-18T06:31:01Z,,Hikvision
716,10.60.242.84,1,working,working,working,NULL,ok,605ms,30-07-2019 16:06,0,30-07-2019 16:06,MC002970,1907729,0,,,Hikvision
717,10.60.242.75,1,working,working,working,NULL,ok,918ms,30-07-2019 16:06,0,30-07-2019 16:06,P3ECBE23,1907729,0,2019-05-02T15:32:25Z,,Hikvision
718,10.236.40.205,1,working,working,working,NULL,ok,423ms,30-07-2019 16:07,0,30-07-2019 16:07,P1DCDL39,1907729,0,,,Hikvision
719,10.60.242.85,1,NULL,NULL,NULL,NULL,NULL,NULL,30-07-2019 16:07,1,0000-00-00 00:00:00,MC000869,,,,,Hikvision
720,10.185.180.116,0,NULL,NULL,NULL,NULL,NULL,,30-07-2019 16:08,0,0000-00-00 00:00:00,MC002124,,,,,Hikvision
721,10.60.242.59,0,NULL,NULL,NULL,NULL,NULL,1732ms,30-07-2019 16:08,0,0000-00-00 00:00:00,MC002123,,,,,Hikvision
722,10.60.240.37,1,working,working,working,NULL,ok,278ms,30-07-2019 16:08,0,30-07-2019 16:08,P3DCGT02,1907729,0,2019-05-30T19:47:32Z,,Hikvision
723,10.60.242.90,1,working,working,working,NULL,ok,465ms,30-07-2019 16:09,0,30-07-2019 16:09,MC000865,1907729,0,2019-07-16T12:32:08Z,,Hikvision
724,10.185.181.161,1,working,working,working,NULL,ok,560ms,30-07-2019 16:09,0,30-07-2019 16:09,MC000870,1907729,0,2019-06-27T04:17:49Z,,Hikvision
726,10.60.242.77,1,working,working,working,NULL,ok,705ms,30-07-2019 16:09,0,30-07-2019 16:09,P1DCBU13,1907729,0,2019-04-20T14:50:53Z,,Hikvision
727,10.60.242.49,0,NULL,NULL,NULL,NULL,NULL,,30-07-2019 16:10,0,0000-00-00 00:00:00,P1DCBU08,,,,,Hikvision
728,10.60.241.113,1,working,working,working,NULL,ok,418ms,30-07-2019 16:10,0,30-07-2019 16:10,MC000864,1907729,0,2019-05-09T17:16:38Z,,Hikvision
729,10.60.242.32,1,NULL,NULL,NULL,NULL,NULL,NULL,30-07-2019 16:10,1,0000-00-00 00:00:00,MC058113,,,,,Hikvision
730,10.60.242.28,0,NULL,NULL,NULL,NULL,NULL,,30-07-2019 16:11,0,0000-00-00 00:00:00,MC058114,,,,,Hikvision
732,10.60.242.51,1,working,working,working,NULL,ok,643ms,30-07-2019 16:11,0,30-07-2019 16:11,P1DCBU17,1907729,0,2019-07-08T22:53:52Z,,Hikvision
733,10.60.240.57,0,NULL,NULL,NULL,NULL,NULL,1889ms,30-07-2019 13:52,0,0000-00-00 00:00:00,P3ENAL03,,,,,Hikvision
734,10.60.242.29,1,working,working,working,NULL,notexist,418ms,30-07-2019 13:52,0,30-07-2019 13:52,P3ECHY22,0,0,,,Hikvision
735,10.236.212.8,1,working,working,not working,NULL,ok,583ms,30-07-2019 13:52,0,30-07-2019 13:52,MC002208,1907729,0,2019-04-20T13:40:33Z,,Hikvision
736,10.185.181.38,1,working,working,working,NULL,ok,575ms,30-07-2019 13:52,0,30-07-2019 13:52,MC038302,1907729,0,2019-06-08T14:19:06Z,,Hikvision
737,10.185.180.89,0,NULL,NULL,NULL,NULL,NULL,,30-07-2019 13:53,0,0000-00-00 00:00:00,MC038303,,,,,Hikvision
738,10.185.182.11,1,working,working,working,NULL,ok,447ms,30-07-2019 13:53,0,30-07-2019 13:53,P1DCBU11,1907729,0,2019-04-20T12:31:34Z,,Hikvision
739,10.60.242.34,1,working,working,working,NULL,ok,583ms,30-07-2019 13:53,0,30-07-2019 13:53,MC006204,1907729,0,2019-05-01T00:23:12Z,,Hikvision
740,10.60.240.174,1,working,working,working,NULL,ok,496ms,30-07-2019 13:53,0,30-07-2019 13:53,MC000868,1907729,0,2019-06-10T04:19:50Z,,Hikvision
741,10.60.240.105,1,working,working,working,NULL,notexist,319ms,30-07-2019 13:54,0,30-07-2019 13:54,MC003613,1907729,0,,,Hikvision
742,10.60.242.33,1,working,working,working,NULL,ok,887ms,30-07-2019 13:54,0,30-07-2019 13:54,MC006205,1907729,0,,,Hikvision
743,10.60.242.19,0,NULL,NULL,NULL,NULL,NULL,,30-07-2019 13:55,0,0000-00-00 00:00:00,P3ECDE08,,,,,Hikvision
744,10.60.242.74,0,NULL,NULL,NULL,NULL,NULL,,30-07-2019 13:55,0,0000-00-00 00:00:00,P3ECMT04,,,,,Hikvision
745,10.60.242.24,1,NULL,NULL,NULL,NULL,NULL,NULL,30-07-2019 13:55,1,0000-00-00 00:00:00,MN001634,,,,,Hikvision
746,10.60.242.31,0,NULL,NULL,NULL,NULL,NULL,,30-07-2019 13:56,0,0000-00-00 00:00:00,MC058112,,,,,Hikvision
747,10.60.242.57,1,working,working,working,NULL,ok,431ms,30-07-2019 13:56,0,30-07-2019 13:56,MC002909,1907729,0,2019-06-23T12:43:53Z,,Hikvision
749,10.185.180.129,1,working,working,working,NULL,ok,453ms,30-07-2019 13:56,0,30-07-2019 13:56,P3ECJP02,1907729,0,2019-05-13T11:07:08Z,,Hikvision
750,10.185.181.160,1,working,working,working,NULL,ok,552ms,30-07-2019 13:57,0,30-07-2019 13:57,P3ENBL84,1907729,0,,,Hikvision
751,10.60.242.18,1,working,working,working,NULL,ok,669ms,30-07-2019 13:57,0,30-07-2019 13:57,P3ECDE26,1907729,0,2019-04-21T11:02:25Z,,Hikvision
752,10.60.241.122,1,working,working,working,NULL,ok,886ms,30-07-2019 13:57,0,30-07-2019 13:57,P3ENBL83,1907729,0,2019-05-09T04:53:20Z,,Hikvision
753,10.60.242.53,1,working,working,working,NULL,ok,428ms,30-07-2019 13:58,0,30-07-2019 13:58,P1DCJM25,1907729,0,,,Hikvision
754,10.60.242.52,0,NULL,NULL,NULL,NULL,NULL,,30-07-2019 13:58,0,0000-00-00 00:00:00,P1DCJM24,,,,,Hikvision
755,10.60.242.183,1,working,working,working,NULL,ok,573ms,30-07-2019 13:58,0,30-07-2019 13:58,MC000866,1907729,0,,,Hikvision
756,10.60.242.35,0,NULL,NULL,NULL,NULL,NULL,,30-07-2019 13:59,0,0000-00-00 00:00:00,P3ECDE25,,,,,Hikvision
757,10.236.40.186,1,working,working,working,NULL,ok,339ms,30-07-2019 13:59,0,30-07-2019 13:59,P3ECMI14,1907729,0,2019-04-20T12:16:05Z,,Hikvision
758,10.60.242.23,1,working,working,working,NULL,ok,677ms,30-07-2019 13:59,0,30-07-2019 13:59,P3ECJP01,1907729,0,2019-04-20T23:39:53Z,,Hikvision
759,10.60.242.22,0,NULL,NULL,NULL,NULL,NULL,,30-07-2019 14:00,0,0000-00-00 00:00:00,P3ECDE27,,,,,Hikvision
760,10.60.242.16,1,working,working,working,NULL,ok,600ms,30-07-2019 14:00,0,30-07-2019 14:00,P3ENDE97,1907729,0,,,Hikvision
761,10.236.40.166,0,NULL,NULL,NULL,NULL,NULL,,30-07-2019 14:00,0,0000-00-00 00:00:00,P3ENHE29,,,,,Hikvision
763,10.60.241.170,1,working,working,working,NULL,ok,699ms,30-07-2019 14:01,0,30-07-2019 14:01,P1ENKA04,1907729,0,2019-05-03T23:16:06Z,,Hikvision
764,10.60.242.10,0,NULL,NULL,NULL,NULL,NULL,,30-07-2019 16:11,0,0000-00-00 00:00:00,MN000505,,,,,Hikvision
765,10.60.241.180,1,working,working,working,NULL,ok,996ms,30-07-2019 14:02,0,30-07-2019 14:02,MN000410,1907729,0,,,Hikvision
767,10.60.242.244,1,working,working,working,NULL,ok,465ms,30-07-2019 14:02,0,30-07-2019 14:02,P3ENJG07,1907729,0,2019-04-20T12:55:31Z,,Hikvision
768,10.185.180.110,1,working,working,working,NULL,ok,290ms,30-07-2019 14:03,0,30-07-2019 14:03,NMUM7001,1907729,0,2019-06-11T10:01:24Z,,Hikvision
769,10.185.181.84,1,working,working,working,NULL,ok,633ms,30-07-2019 14:03,0,30-07-2019 14:03,P3ENJG05,1907729,0,2019-05-01T15:45:34Z,,Hikvision
770,10.60.242.152,0,NULL,NULL,NULL,NULL,NULL,,30-07-2019 14:03,0,0000-00-00 00:00:00,P3ENRM02,,,,,Hikvision
771,10.60.242.196,1,working,working,not working,NULL,ok,661ms,30-07-2019 14:04,0,30-07-2019 14:04,P3ECLK20,1907729,0,2019-05-08T06:00:00Z,,Hikvision
772,10.60.242.64,1,working,working,working,NULL,ok,440ms,30-07-2019 14:04,0,30-07-2019 14:04,MC000874,1907729,0,2019-05-10T06:00:00Z,,Hikvision
773,10.60.242.43,1,working,working,working,NULL,ok,259ms,30-07-2019 14:04,0,30-07-2019 14:04,MC000873,1907729,0,2019-05-03T15:05:41Z,,Hikvision
774,10.185.180.154,1,working,working,working,NULL,ok,410ms,30-07-2019 14:05,0,30-07-2019 14:05,MW006902,1907729,0,2019-05-04T19:20:16Z,,Hikvision
775,10.185.181.159,1,working,working,working,NULL,ok,730ms,30-07-2019 14:05,0,30-07-2019 14:05,SN013102,1907729,0,2019-05-23T02:35:52Z,,Hikvision
777,10.60.243.72,1,working,working,working,NULL,ok,624ms,30-07-2019 14:06,0,30-07-2019 14:06,MN006702,1907729,1334272,2019-05-30T10:48:14Z,,Hikvision
778,10.185.180.122,1,working,working,working,NULL,ok,604ms,30-07-2019 14:06,0,30-07-2019 14:06,P3ENME24,1907729,0,2019-05-11T06:00:00Z,,Hikvision
804,10.185.180.142,1,working,working,working,NULL,ok,534ms,30-07-2019 16:32,0,30-07-2019 16:32,P3ENME26,1907729,0,,,Hikvision
805,10.185.180.125,1,working,working,working,NULL,ok,409ms,30-07-2019 16:32,0,30-07-2019 16:32,P1DCDL05,1907729,0,2019-05-23T16:28:05Z,,Hikvision
806,10.60.242.116,1,working,working,working,NULL,ok,674ms,30-07-2019 16:33,0,30-07-2019 16:33,P3ENNK02,1907729,0,2019-05-25T03:58:44Z,,Hikvision
807,10.185.180.83,0,NULL,NULL,NULL,NULL,NULL,,30-07-2019 16:33,0,0000-00-00 00:00:00,P3ENHE21,,,,,Hikvision
808,10.185.180.144,1,working,working,not working,NULL,ok,470ms,30-07-2019 16:33,0,30-07-2019 16:33,P3ECSO01,1907729,0,2019-07-16T17:24:52Z,,Hikvision
809,10.60.242.117,1,working,working,working,NULL,ok,684ms,30-07-2019 16:33,0,30-07-2019 16:33,P3ECNK07,1907729,0,2019-06-15T11:50:53Z,,Hikvision
810,10.185.180.150,1,NULL,NULL,NULL,NULL,NULL,NULL,30-07-2019 16:34,1,0000-00-00 00:00:00,P3ECMO10,,,,,Hikvision
811,10.60.242.115,1,working,working,working,NULL,ok,476ms,30-07-2019 16:34,0,30-07-2019 16:34,P3ECNK20,1907729,0,2019-05-11T19:00:25Z,,Hikvision
812,10.60.242.120,1,working,working,working,NULL,ok,439ms,30-07-2019 16:35,0,30-07-2019 16:35,P3ECNK19,1907729,0,2019-07-04T20:00:06Z,,Hikvision
813,10.185.180.151,0,NULL,NULL,NULL,NULL,NULL,,30-07-2019 16:35,0,0000-00-00 00:00:00,P3ECMO11,,,,,Hikvision
814,10.60.242.101,1,working,working,working,NULL,ok,469ms,30-07-2019 16:35,0,30-07-2019 16:35,MN001607,1907729,0,2019-07-14T23:59:32Z,,Hikvision
815,10.185.180.155,1,working,working,working,NULL,notexist,726ms,30-07-2019 16:36,0,30-07-2019 16:36,MN005902,0,0,,,Hikvision
816,10.185.180.119,1,working,working,not working,NULL,ok,725ms,30-07-2019 16:36,0,30-07-2019 16:36,MC002004,1907729,0,2019-05-10T22:06:25Z,,Hikvision
817,10.185.180.145,1,working,working,working,NULL,notexist,559ms,30-07-2019 16:36,0,30-07-2019 16:36,P3ECSO02,0,0,,,Hikvision
818,10.60.242.105,1,working,working,working,NULL,ok,276ms,30-07-2019 16:36,0,30-07-2019 16:36,P3ENAA02,1907729,0,2019-07-08T14:03:52Z,,Hikvision
819,10.60.242.108,1,working,not working,working,NULL,ok,442ms,30-07-2019 16:37,0,30-07-2019 16:37,MC005002,1907729,0,2019-05-02T11:36:24Z,,Hikvision
820,10.60.242.42,1,working,working,not working,NULL,ok,470ms,30-07-2019 16:37,0,30-07-2019 16:37,P1DCBU01,1907729,0,2019-05-07T18:34:38Z,,Hikvision
821,10.185.180.118,1,working,working,working,NULL,notexist,814ms,30-07-2019 16:37,0,30-07-2019 16:37,MC056358,1907729,0,,,Hikvision
822,10.60.242.40,1,working,not working,working,NULL,ok,428ms,30-07-2019 16:38,0,30-07-2019 16:38,P1DCBU30,1907729,111616,2019-05-28T11:24:05Z,,Hikvision
824,10.185.180.123,1,working,working,working,NULL,notexist,593ms,30-07-2019 16:38,0,30-07-2019 16:38,MC004511,0,0,,,Hikvision
825,10.185.180.143,1,working,working,working,NULL,ok,829ms,30-07-2019 16:39,0,30-07-2019 16:39,P3ENMF01,1907729,0,2019-05-11T06:00:00Z,,Hikvision
826,10.60.242.135,1,working,working,working,NULL,ok,738ms,30-07-2019 16:39,0,30-07-2019 16:39,SW011702,1907729,0,2019-05-11T06:00:00Z,,Hikvision
827,10.60.242.41,1,working,working,working,NULL,ok,346ms,30-07-2019 16:39,0,30-07-2019 16:39,P1DCBU29,1907729,0,2019-07-20T00:28:00Z,,Hikvision
828,10.185.180.99,1,working,working,working,NULL,ok,520ms,30-07-2019 16:40,0,30-07-2019 16:40,P3ENMO07,1907729,0,2019-06-26T15:19:45Z,,Hikvision
829,10.60.242.13,1,working,working,working,NULL,ok,376ms,30-07-2019 16:40,0,30-07-2019 16:40,P3ENDL89,1907729,0,,,Hikvision
830,10.185.180.127,1,working,working,working,NULL,ok,664ms,30-07-2019 16:40,0,30-07-2019 16:40,P3ENDL93,1907729,0,2019-05-08T18:00:07Z,,Hikvision
831,10.60.242.114,1,working,working,working,NULL,notexist,579ms,30-07-2019 16:41,0,30-07-2019 16:41,P3ECCI02,1907729,0,,,Hikvision
832,192.0.3.20,1,working,working,working,NULL,ok,44ms,30-07-2019 16:41,0,30-07-2019 16:41,P3ECNK13,1907729,0,,,Hikvision
833,10.185.180.148,1,working,working,not working,NULL,ok,557ms,30-07-2019 16:41,0,30-07-2019 16:41,P3ENMO11,1907729,1734656,2019-04-23T23:44:25Z,,Hikvision
834,10.60.242.155,1,working,working,working,NULL,ok,806ms,30-07-2019 16:42,0,30-07-2019 16:42,P3ENKI03,1907729,0,2019-05-31T14:42:29Z,,Hikvision
835,10.60.242.132,1,working,working,working,NULL,ok,911ms,30-07-2019 16:42,0,30-07-2019 16:42,P3ECKV02,1907729,0,,,Hikvision
836,10.60.242.138,0,NULL,NULL,NULL,NULL,NULL,,30-07-2019 16:42,0,0000-00-00 00:00:00,P3ENJA01,,,,,Hikvision
837,10.60.242.60,1,working,working,working,NULL,ok,512ms,30-07-2019 16:43,0,30-07-2019 16:43,P1DCBU26,1907729,0,2019-04-22T13:56:56Z,,Hikvision
839,10.60.242.112,1,working,working,working,NULL,ok,460ms,30-07-2019 16:43,0,30-07-2019 16:43,P3ECAU01,1907729,0,,,Hikvision
840,10.60.242.61,1,working,working,working,NULL,ok,518ms,30-07-2019 16:17,0,30-07-2019 16:17,P1DCBU03,1907729,0,2019-07-18T02:36:50Z,,Hikvision
841,10.60.242.58,1,working,working,working,NULL,notexist,422ms,30-07-2019 16:44,0,30-07-2019 16:44,P3ECTV03,0,0,,,Hikvision
842,10.60.242.113,1,working,working,working,NULL,ok,891ms,30-07-2019 16:44,0,30-07-2019 16:44,P3ECCI12,1907729,0,2019-06-06T10:22:55Z,,Hikvision
843,10.185.182.16,0,NULL,NULL,NULL,NULL,NULL,1394ms,30-07-2019 16:44,0,0000-00-00 00:00:00,P3ENBL86,,,,,Hikvision
844,10.60.242.63,1,working,working,working,NULL,ok,436ms,30-07-2019 16:44,0,30-07-2019 16:44,P3ENBL85,1907729,0,2019-06-01T23:04:42Z,,Hikvision
845,10.60.242.245,1,working,working,working,NULL,ok,667ms,30-07-2019 16:45,0,30-07-2019 16:45,P3ENJG06,1907729,0,2019-04-28T07:17:11Z,,Hikvision
846,10.60.242.197,1,working,working,not working,NULL,ok,862ms,30-07-2019 16:45,0,30-07-2019 16:45,P3ECML02,1907729,0,2019-06-12T20:38:26Z,,Hikvision
847,10.60.242.68,1,working,working,working,NULL,ok,393ms,30-07-2019 16:46,0,30-07-2019 16:46,P3ENBL87,1907729,0,,,Hikvision
848,10.60.242.109,1,working,working,working,NULL,ok,370ms,30-07-2019 16:46,0,30-07-2019 16:46,P3ENCE32,1907729,0,,,Hikvision
849,10.60.242.69,1,working,working,working,NULL,ok,395ms,30-07-2019 16:46,0,30-07-2019 16:46,MC000875,1907729,0,,,Hikvision
850,10.60.242.246,1,working,working,working,NULL,ok,331ms,30-07-2019 16:46,0,30-07-2019 16:46,P3ENJG08,1907729,0,2019-07-13T17:35:13Z,,Hikvision
851,10.60.242.1,0,NULL,NULL,NULL,NULL,NULL,,30-07-2019 16:47,0,0000-00-00 00:00:00,MC001464,,,,,Hikvision
852,10.60.242.242,1,working,working,working,NULL,ok,466ms,30-07-2019 16:47,0,30-07-2019 16:47,P3ECKP04,1907729,0,,,Hikvision
853,10.185.181.85,1,working,working,working,NULL,ok,491ms,30-07-2019 16:47,0,30-07-2019 16:47,P3ENBV02,1907729,0,,,Hikvision
854,10.60.242.62,1,working,working,working,NULL,ok,407ms,30-07-2019 16:48,0,30-07-2019 16:48,MC000876,1907729,1317888,2019-06-29T13:11:41Z,,Hikvision
855,10.60.241.253,1,working,working,working,NULL,ok,312ms,30-07-2019 16:48,0,30-07-2019 16:48,P3ENDL94,1907729,0,2019-05-23T22:09:00Z,,Hikvision
856,10.60.242.184,1,working,working,working,NULL,ok,468ms,30-07-2019 16:49,0,30-07-2019 16:49,P1DCBU24,1907729,0,2019-05-11T06:00:00Z,,Hikvision
857,10.60.241.252,1,working,working,working,NULL,ok,754ms,30-07-2019 16:49,0,30-07-2019 16:49,P3ENDL95,1907729,1243136,2019-07-13T14:58:58Z,,Hikvision
858,10.60.242.107,1,NULL,NULL,NULL,NULL,NULL,NULL,30-07-2019 16:42,1,0000-00-00 00:00:00,P1ENCN39,,,,,Hikvision
859,10.60.242.44,0,NULL,NULL,NULL,NULL,NULL,,30-07-2019 16:50,0,0000-00-00 00:00:00,P1DCBU25,,,,,Hikvision
860,10.60.242.7,0,NULL,NULL,NULL,NULL,NULL,1219ms,30-07-2019 16:50,0,0000-00-00 00:00:00,P3ENDL96,,,,,Hikvision
861,10.60.242.140,1,working,working,working,NULL,ok,842ms,30-07-2019 16:50,0,30-07-2019 16:50,MC002029,1907729,0,2019-07-20T09:52:02Z,,Hikvision
862,10.60.242.211,1,working,working,working,NULL,ok,123ms,30-07-2019 16:50,0,30-07-2019 16:50,P3ENAL33,1907729,0,2019-04-20T22:41:52Z,,Hikvision
863,10.60.242.106,1,working,working,working,NULL,ok,649ms,30-07-2019 16:51,0,30-07-2019 16:51,P3ECAC01,1907729,0,,,Hikvision
864,10.60.241.254,1,working,working,working,NULL,ok,678ms,30-07-2019 16:51,0,30-07-2019 16:51,P3ENHU01,1907729,950272,2019-06-27T13:35:37Z,,Hikvision
865,10.185.180.180,1,working,working,working,NULL,ok,438ms,30-07-2019 16:52,0,30-07-2019 16:52,MC004892,1907729,0,2019-06-19T06:13:08Z,,Hikvision
866,10.60.242.150,0,NULL,NULL,NULL,NULL,NULL,,30-07-2019 16:52,0,0000-00-00 00:00:00,MC000579,,,,,Hikvision
867,10.60.242.158,1,working,working,working,NULL,ok,802ms,30-07-2019 16:52,0,30-07-2019 16:52,P1ECLK10,1907729,0,2019-07-16T16:41:01Z,,Hikvision
868,10.185.182.50,1,working,working,working,NULL,ok,411ms,30-07-2019 16:53,0,30-07-2019 16:53,P3ENBP18,1907729,0,2019-05-06T19:36:07Z,,Hikvision
869,10.185.181.187,1,working,working,working,NULL,ok,558ms,30-07-2019 16:53,0,30-07-2019 16:53,P3ENJH18,1907729,0,2019-05-15T16:26:48Z,,Hikvision
870,10.60.242.54,0,NULL,NULL,NULL,NULL,NULL,,30-07-2019 16:53,0,0000-00-00 00:00:00,MC011204,,,,,Hikvision
871,10.60.242.151,0,NULL,NULL,NULL,NULL,NULL,,30-07-2019 16:54,0,0000-00-00 00:00:00,P3ENKP12,,,,,Hikvision
872,10.60.242.153,1,working,working,working,NULL,ok,914ms,30-07-2019 16:54,0,30-07-2019 16:54,P3ENDL85,1907729,0,,,Hikvision
874,10.60.242.149,1,working,working,working,NULL,ok,962ms,30-07-2019 16:54,0,30-07-2019 16:54,P1DCDL06,1907729,0,2019-05-12T16:26:08Z,,Hikvision
875,10.185.182.21,1,working,working,working,NULL,ok,400ms,30-07-2019 16:27,0,30-07-2019 16:27,P3ENBN16,1907729,0,2019-05-11T06:00:00Z,,Hikvision
876,10.60.242.9,1,working,working,working,NULL,ok,813ms,30-07-2019 16:28,0,30-07-2019 16:28,P3ENDL87,1907729,0,2019-05-11T06:00:00Z,,Hikvision
877,10.185.181.132,0,NULL,NULL,NULL,NULL,NULL,,30-07-2019 16:28,0,0000-00-00 00:00:00,P1DCDL17,,,,,Hikvision
878,10.185.180.172,1,working,working,working,NULL,ok,461ms,30-07-2019 16:28,0,30-07-2019 16:28,P3ECKG01,1907729,0,,,Hikvision
879,10.60.242.212,1,working,working,working,NULL,ok,446ms,30-07-2019 16:29,0,30-07-2019 16:29,P1ENHD14,1907729,0,2019-06-23T03:42:08Z,,Hikvision
880,10.60.243.41,1,working,working,working,NULL,ok,478ms,30-07-2019 16:29,0,30-07-2019 16:29,P3ENAG22,1907729,0,2019-04-20T12:25:57Z,,Hikvision
881,10.60.242.255,1,working,working,working,NULL,ok,559ms,30-07-2019 16:29,0,30-07-2019 16:29,P3ENAG23,1907729,0,2019-06-09T15:39:14Z,,Hikvision
882,10.60.243.61,1,working,working,working,NULL,ok,594ms,30-07-2019 16:30,0,30-07-2019 16:30,P3ENTP10,1907729,0,,,Hikvision
883,10.236.212.108,1,NULL,NULL,NULL,NULL,NULL,NULL,30-07-2019 16:30,1,0000-00-00 00:00:00,P3ECRI06,,,,,Hikvision
884,10.185.180.101,1,NULL,NULL,NULL,NULL,NULL,NULL,30-07-2019 16:31,1,0000-00-00 00:00:00,P3ENLH02,,,,,Hikvision
885,10.60.242.215,1,working,working,working,NULL,ok,425ms,30-07-2019 16:31,0,30-07-2019 16:31,P3ENHE09,1907729,0,2019-06-13T01:47:14Z,,Hikvision
886,10.60.241.144,0,NULL,NULL,NULL,NULL,NULL,,30-07-2019 16:32,0,0000-00-00 00:00:00,P3ENRI32,,,,,Hikvision
887,10.60.242.139,1,working,working,working,NULL,ok,852ms,30-07-2019 16:06,0,30-07-2019 16:06,P3ENLH03,1907729,0,,,Hikvision
888,10.60.241.156,1,working,working,working,NULL,notexist,456ms,30-07-2019 16:06,0,30-07-2019 16:06,P3ENPT67,1907729,0,,,Hikvision
889,10.60.242.169,1,working,working,working,NULL,notexist,688ms,30-07-2019 16:06,0,30-07-2019 16:06,P3ENPA01,1907729,0,,,Hikvision
890,10.185.180.184,1,working,working,working,NULL,ok,697ms,30-07-2019 16:07,0,30-07-2019 16:07,MC058502,1907729,0,,,Hikvision
891,10.60.242.216,1,working,working,working,NULL,ok,450ms,30-07-2019 16:07,0,30-07-2019 16:07,P3ENHE25,1907729,0,2019-06-18T12:16:19Z,,Hikvision
892,10.185.180.146,1,working,working,working,NULL,ok,666ms,30-07-2019 16:07,0,30-07-2019 16:07,P3DCLD03,1907729,0,,,Hikvision
893,10.60.242.238,1,working,working,working,NULL,ok,232ms,30-07-2019 16:08,0,30-07-2019 16:08,MC000877,1907729,0,2019-05-19T16:38:18Z,,Hikvision
894,10.60.240.36,1,working,working,working,NULL,ok,714ms,30-07-2019 16:08,0,30-07-2019 16:08,P3ENCU02,1907729,0,2019-06-11T11:09:40Z,,Hikvision
895,10.60.242.156,1,working,working,working,NULL,ok,708ms,30-07-2019 16:08,0,30-07-2019 16:08,P3ENFP04,1907729,0,2019-05-04T06:00:00Z,,Hikvision
896,10.185.181.82,1,working,working,working,NULL,ok,530ms,30-07-2019 16:08,0,30-07-2019 16:08,P3ENRI34,1907729,576512,2019-05-25T15:23:08Z,,Hikvision
897,10.60.241.148,1,working,working,working,NULL,ok,613ms,30-07-2019 16:09,0,30-07-2019 16:09,P3ECRI05,1907729,4096,,,Hikvision
898,10.185.181.103,1,working,working,working,NULL,notexist,568ms,30-07-2019 16:09,0,30-07-2019 16:09,MW003502,0,0,,,Hikvision
900,10.60.243.19,1,working,working,working,NULL,ok,562ms,30-07-2019 16:09,0,30-07-2019 16:09,P3ENFP02,1907729,0,,,Hikvision
901,10.185.181.100,0,NULL,NULL,NULL,NULL,NULL,,30-07-2019 16:09,0,0000-00-00 00:00:00,P3ENRI33,,,,,Hikvision
902,10.60.242.11,1,working,working,working,NULL,ok,591ms,30-07-2019 16:10,0,30-07-2019 16:10,P3ENMO08,1907729,0,2019-05-19T09:41:50Z,,Hikvision
903,10.236.40.203,1,working,working,working,NULL,ok,102ms,30-07-2019 16:10,0,30-07-2019 16:10,P3ENPA02,1907729,0,2019-05-11T06:00:00Z,,Hikvision
904,10.60.243.89,1,working,working,working,NULL,ok,580ms,30-07-2019 16:10,0,30-07-2019 16:10,P3ENJD09,1907729,0,2019-07-15T15:47:03Z,,Hikvision
905,10.60.243.38,1,working,working,working,NULL,ok,524ms,30-07-2019 16:11,0,30-07-2019 16:11,P3ENLK14,1907729,0,2019-04-25T19:09:47Z,,Hikvision
906,10.60.242.111,1,working,working,working,NULL,ok,877ms,30-07-2019 16:11,0,30-07-2019 16:11,P3ECPM01,1907729,0,,,Hikvision
907,10.60.242.148,1,working,working,working,NULL,ok,107ms,30-07-2019 16:11,0,30-07-2019 16:11,P3ENMS02,1907729,0,2019-04-27T16:16:41Z,,Hikvision
908,10.236.40.22,1,working,working,working,NULL,ok,462ms,30-07-2019 16:12,0,30-07-2019 16:12,P3ENPT66,1907729,0,2019-06-15T01:22:51Z,,Hikvision
909,10.60.242.161,0,NULL,NULL,NULL,NULL,NULL,,30-07-2019 16:12,0,0000-00-00 00:00:00,P3DCLO01,,,,,Hikvision
910,10.60.243.26,0,NULL,NULL,NULL,NULL,NULL,,30-07-2019 16:12,0,0000-00-00 00:00:00,P3ENMA09,,,,,Hikvision
911,10.185.181.29,1,working,working,working,NULL,notexist,647ms,30-07-2019 16:13,0,30-07-2019 16:13,MN016813,1907729,0,,,Hikvision
912,10.60.242.123,1,working,working,working,NULL,ok,367ms,30-07-2019 16:13,0,30-07-2019 16:13,MC004891,1907729,0,2019-06-08T23:06:22Z,,Hikvision
913,10.185.181.98,1,working,working,working,NULL,ok,738ms,30-07-2019 13:37,0,30-07-2019 13:37,P3ECCT02,1907729,0,,,Hikvision
914,10.60.243.20,1,working,working,working,NULL,notexist,999ms,30-07-2019 13:37,0,30-07-2019 13:37,P3ENAL22,1907729,0,,,Hikvision
915,10.60.243.3,0,NULL,NULL,NULL,NULL,NULL,,30-07-2019 13:38,0,0000-00-00 00:00:00,P3ENDA02,,,,,Hikvision
916,10.60.243.87,1,working,working,working,NULL,,626ms,30-07-2019 13:38,0,30-07-2019 13:38,P3ENJU01,,,,,Hikvision
917,10.60.242.252,0,NULL,NULL,NULL,NULL,NULL,,30-07-2019 13:38,0,0000-00-00 00:00:00,P3DCPJ01,,,,,Hikvision
918,10.60.242.174,1,working,working,working,NULL,ok,719ms,30-07-2019 13:39,0,30-07-2019 13:39,P3ECFZ01,1907729,0,,,Hikvision
919,10.60.242.181,0,NULL,NULL,NULL,NULL,NULL,,30-07-2019 13:39,0,0000-00-00 00:00:00,P3ECBB04,,,,,Hikvision
920,10.60.243.14,0,NULL,NULL,NULL,NULL,NULL,,30-07-2019 13:40,0,0000-00-00 00:00:00,P3ENKB01,,,,,Hikvision
921,10.185.181.53,1,NULL,NULL,NULL,NULL,NULL,NULL,30-07-2019 13:40,1,0000-00-00 00:00:00,P1ENCO05,,,,,Hikvision
922,10.236.40.118,1,NULL,NULL,NULL,NULL,NULL,NULL,30-07-2019 13:40,1,0000-00-00 00:00:00,P3ENHE26,,,,,Hikvision
923,10.60.242.137,1,working,working,working,NULL,ok,436ms,30-07-2019 13:40,0,30-07-2019 13:40,P3ECJJ02,1907729,0,2019-05-09T17:39:18Z,,Hikvision
924,10.185.180.186,1,working,working,working,NULL,unformatted,201ms,30-07-2019 13:40,0,30-07-2019 13:40,P3DCWG02,1907729,0,,,Hikvision
925,10.185.180.178,0,NULL,NULL,NULL,NULL,NULL,,30-07-2019 13:41,0,0000-00-00 00:00:00,P1EWCH39,,,,,Hikvision
926,10.185.181.81,1,working,working,working,NULL,ok,684ms,30-07-2019 13:41,0,30-07-2019 13:41,P3ENAG25,1907729,0,2019-06-18T10:13:15Z,,Hikvision
927,10.185.180.185,0,NULL,NULL,NULL,NULL,NULL,,30-07-2019 13:41,0,0000-00-00 00:00:00,P3ENHE31,,,,,Hikvision
928,10.185.181.54,1,working,working,working,NULL,notexist,295ms,30-07-2019 13:42,0,30-07-2019 13:42,MC002105,0,0,,,Hikvision
929,10.185.181.92,1,working,working,working,NULL,ok,713ms,30-07-2019 13:42,0,30-07-2019 13:42,P3ENOD28,1907729,0,2019-07-05T06:17:22Z,,Hikvision
931,10.185.180.179,1,working,working,working,NULL,ok,542ms,30-07-2019 13:42,0,30-07-2019 13:42,MC004060,1907729,0,2019-04-27T04:32:41Z,,Hikvision
932,10.60.243.46,1,working,working,working,NULL,ok,903ms,30-07-2019 13:43,0,30-07-2019 13:43,P1DCBU35,1907729,165888,2019-07-03T04:30:21Z,,Hikvision
935,10.60.243.48,1,working,working,working,NULL,ok,216ms,30-07-2019 13:43,0,30-07-2019 13:43,P1DCBU31,1907729,0,2019-06-30T01:48:22Z,,Hikvision
937,10.185.181.49,0,NULL,NULL,NULL,NULL,NULL,,30-07-2019 13:44,0,0000-00-00 00:00:00,MC011111,,,,,Hikvision
938,10.60.242.253,0,working,working,working,NULL,ok,,30-07-2019 13:44,0,30-07-2019 12:49,P1ENAL04,1907729,531456,2019-05-16T06:00:00Z,,Hikvision
939,10.185.181.18,1,working,working,working,NULL,ok,612ms,30-07-2019 13:44,0,30-07-2019 13:44,P3ECOI01,1907729,0,2019-07-09T19:27:34Z,,Hikvision
940,10.185.180.169,1,working,working,working,NULL,ok,735ms,30-07-2019 13:45,0,30-07-2019 13:45,P3ECNE01,1907729,0,2019-06-23T17:26:28Z,,Hikvision
941,10.185.180.167,1,working,working,working,NULL,ok,261ms,30-07-2019 13:45,0,30-07-2019 13:45,MN005006,1907729,0,2019-04-25T11:43:47Z,,Hikvision
942,10.185.181.212,1,working,working,working,NULL,ok,613ms,30-07-2019 13:46,0,30-07-2019 13:46,P3DCBW01,1907729,0,,,Hikvision
943,10.185.180.174,0,NULL,NULL,NULL,NULL,NULL,,30-07-2019 13:46,0,0000-00-00 00:00:00,P3ENCI92,,,,,Hikvision
944,10.60.243.33,1,working,working,working,NULL,ok,596ms,30-07-2019 13:47,0,30-07-2019 13:47,P1DCBU06,1907729,0,2019-07-07T16:01:37Z,,Hikvision
945,10.185.181.48,0,NULL,NULL,NULL,NULL,NULL,,30-07-2019 13:48,0,0000-00-00 00:00:00,P3ECSO05,,,,,Hikvision
946,10.185.180.188,1,working,working,working,NULL,ok,468ms,30-07-2019 13:48,0,30-07-2019 13:48,P3ENKD03,1907729,0,,,Hikvision
948,10.185.180.181,1,working,working,working,NULL,ok,829ms,30-07-2019 13:48,0,30-07-2019 13:48,P1DCBU33,1907729,0,2019-06-08T17:20:04Z,,Hikvision
949,10.60.243.5,1,working,working,working,NULL,notexist,503ms,30-07-2019 13:49,0,30-07-2019 13:49,P1DCBU34,0,0,,,Hikvision
950,10.60.242.162,1,working,working,working,NULL,notexist,519ms,30-07-2019 13:49,0,30-07-2019 13:49,P3ECNK21,1907729,0,,,Hikvision
951,10.60.242.235,1,working,working,working,NULL,ok,407ms,30-07-2019 13:49,0,30-07-2019 13:49,P3ECBN27,1907729,0,2019-05-16T11:57:57Z,,Hikvision
952,10.60.242.236,1,working,working,working,NULL,ok,430ms,30-07-2019 13:49,0,30-07-2019 13:49,P1DCBU18,1907729,0,2019-05-28T18:09:35Z,,Hikvision
953,10.236.40.207,1,working,working,working,NULL,ok,578ms,30-07-2019 13:50,0,30-07-2019 13:50,P3ENHE19,1907729,0,,,Hikvision
954,10.60.243.52,0,NULL,NULL,NULL,NULL,NULL,,30-07-2019 13:50,0,0000-00-00 00:00:00,P1ECVR01,,,,,Hikvision
955,10.60.241.237,1,working,working,working,NULL,unformatted,694ms,30-07-2019 13:50,0,30-07-2019 13:50,P3ENMI64,3950,0,,,Hikvision
956,10.185.180.224,1,working,working,working,NULL,ok,498ms,30-07-2019 13:50,0,30-07-2019 13:50,P1DCBU16,1907729,0,2019-07-08T14:46:01Z,,Hikvision
957,10.185.182.58,1,working,working,working,NULL,ok,504ms,30-07-2019 13:51,0,30-07-2019 13:51,P3DCSH02,1907729,0,2019-06-24T09:19:48Z,,Hikvision
958,10.60.243.21,0,NULL,NULL,NULL,NULL,NULL,,30-07-2019 13:51,0,0000-00-00 00:00:00,MC0014205,,,,,Hikvision
959,10.185.180.160,1,working,working,working,NULL,ok,533ms,30-07-2019 13:51,0,30-07-2019 13:51,P3ENSK02,1907729,0,2019-04-22T12:57:34Z,,Hikvision
960,10.60.242.160,1,working,working,working,NULL,ok,267ms,30-07-2019 13:55,0,30-07-2019 13:55,MC004066,1907729,0,,,Hikvision
961,10.185.181.83,1,working,working,working,NULL,ok,680ms,30-07-2019 13:55,0,30-07-2019 13:55,P3ENHE27,1907729,0,2019-07-02T13:25:06Z,,Hikvision
962,10.185.181.19,1,working,working,working,NULL,ok,664ms,30-07-2019 13:55,0,30-07-2019 13:55,P3ECML03,1907729,0,,,Hikvision
964,10.185.181.57,1,working,working,working,NULL,ok,96ms,30-07-2019 13:55,0,30-07-2019 13:55,P3ENGY10,1907729,0,2019-05-08T10:30:07Z,,Hikvision
965,10.185.181.105,1,working,working,working,NULL,ok,349ms,30-07-2019 13:56,0,30-07-2019 13:56,MN006102,1907729,0,2019-05-17T23:31:51Z,,Hikvision
966,10.60.240.53,1,working,working,working,NULL,ok,863ms,30-07-2019 13:56,0,30-07-2019 13:56,P3ECSP02,1907729,0,2019-05-21T18:23:02Z,,Hikvision
967,10.185.181.43,1,working,working,not working,NULL,notexist,442ms,30-07-2019 13:57,0,30-07-2019 13:57,P3ECSO04,1907729,0,,,Hikvision
968,10.60.243.1,0,NULL,NULL,NULL,NULL,NULL,,30-07-2019 13:57,0,0000-00-00 00:00:00,P1DCAK06,,,,,Hikvision
969,10.185.181.139,1,working,working,working,NULL,ok,212ms,30-07-2019 13:57,0,30-07-2019 13:57,P3ENMM09,1907729,282624,2019-06-26T16:27:14Z,,Hikvision
970,10.185.181.80,1,working,working,working,NULL,ok,749ms,30-07-2019 13:57,0,30-07-2019 13:57,P3ENJH25,1907729,1393664,,,Hikvision
971,10.60.243.35,1,NULL,NULL,NULL,NULL,NULL,NULL,30-07-2019 13:58,1,0000-00-00 00:00:00,P3ECUN01,,,,,Hikvision
972,10.185.180.206,1,working,working,working,NULL,ok,553ms,30-07-2019 13:58,0,30-07-2019 13:58,P3ENJH17,1907729,0,,,Hikvision
973,10.60.242.6,1,working,working,working,NULL,ok,465ms,30-07-2019 16:32,0,30-07-2019 16:32,P3ENDE28,1907729,0,2019-06-23T06:31:46Z,,Hikvision
976,10.60.243.39,0,NULL,NULL,NULL,NULL,NULL,,30-07-2019 16:33,0,0000-00-00 00:00:00,P3ENTK02,,,,,Hikvision
977,10.185.181.27,1,working,not working,working,NULL,ok,612ms,30-07-2019 16:33,0,30-07-2019 16:33,P3ECND11,1907729,0,2019-06-16T18:21:29Z,,Hikvision
978,10.185.181.32,1,working,working,working,NULL,ok,609ms,30-07-2019 16:34,0,30-07-2019 16:34,P3ECND08,1907729,0,2019-07-10T05:52:24Z,,Hikvision
979,10.185.181.21,1,working,working,working,NULL,ok,631ms,30-07-2019 16:34,0,30-07-2019 16:34,P3ECND07,1907729,0,2019-05-11T12:17:49Z,,Hikvision
980,10.185.181.22,0,NULL,NULL,NULL,NULL,NULL,,30-07-2019 16:34,0,0000-00-00 00:00:00,P3ENFD89,,,,,Hikvision
981,10.185.181.23,1,working,working,working,NULL,ok,662ms,30-07-2019 16:34,0,30-07-2019 16:34,P3ECFD01,1907729,0,2019-06-18T01:17:16Z,,Hikvision
982,10.60.243.142,1,working,working,working,NULL,ok,277ms,30-07-2019 16:35,0,30-07-2019 16:35,P3ENMI61,1907729,0,2019-05-13T11:22:17Z,,Hikvision
983,10.185.181.89,0,NULL,NULL,NULL,NULL,NULL,,30-07-2019 16:35,0,0000-00-00 00:00:00,P3DCHB06,,,,,Hikvision
984,10.185.180.177,1,working,working,working,NULL,ok,713ms,30-07-2019 16:35,0,30-07-2019 16:35,P3ECCO09,1907729,0,,,Hikvision
985,10.185.181.30,1,working,working,working,NULL,ok,515ms,30-07-2019 16:36,0,30-07-2019 16:36,P3ENFD88,1907729,0,2019-05-31T05:41:40Z,,Hikvision
986,10.185.181.86,0,NULL,NULL,NULL,NULL,NULL,,30-07-2019 16:36,0,0000-00-00 00:00:00,P3DCWG01,,,,,Hikvision
987,10.60.243.49,1,working,working,working,NULL,ok,809ms,30-07-2019 16:36,0,30-07-2019 16:36,P3ENKP14,1907729,0,,,Hikvision
988,10.60.243.192,1,working,working,not working,NULL,ok,596ms,30-07-2019 16:36,0,30-07-2019 16:36,P3ENMM10,1907729,0,2019-05-19T20:01:48Z,,Hikvision
989,10.60.243.84,1,working,working,working,NULL,ok,322ms,30-07-2019 16:37,0,30-07-2019 16:37,P3ENKP13,1907729,0,,,Hikvision
990,10.185.181.142,1,working,working,working,NULL,ok,654ms,30-07-2019 16:37,0,30-07-2019 16:37,MN004816,1907729,0,2019-06-26T01:11:52Z,,Hikvision
991,10.60.243.60,1,working,working,working,NULL,ok,196ms,30-07-2019 16:38,0,30-07-2019 16:38,P3ENKP11,1907729,0,,,Hikvision
992,10.185.181.127,1,working,working,working,NULL,ok,164ms,30-07-2019 16:38,0,30-07-2019 16:38,P3ENSP01,1907729,0,,,Hikvision
993,10.60.243.64,1,working,working,working,NULL,ok,478ms,30-07-2019 16:38,0,30-07-2019 16:38,P3ENBN28,1907729,0,2019-07-06T21:07:56Z,,Hikvision
994,10.185.181.87,1,working,working,working,NULL,ok,632ms,30-07-2019 16:39,0,30-07-2019 16:39,P1ENNL02,1907729,1557504,2019-07-09T14:10:25Z,,Hikvision
995,10.185.181.128,1,working,working,working,NULL,ok,891ms,30-07-2019 16:39,0,30-07-2019 16:39,P3ENKG01,1907729,0,2019-05-31T00:49:03Z,,Hikvision
996,10.185.181.14,0,NULL,NULL,NULL,NULL,NULL,,30-07-2019 16:39,0,0000-00-00 00:00:00,P3ENJR02,,,,,Hikvision
997,10.185.181.129,0,NULL,NULL,NULL,NULL,NULL,,30-07-2019 16:40,0,0000-00-00 00:00:00,P3ECRB01,,,,,Hikvision
998,10.185.180.205,1,working,not working,working,NULL,ok,532ms,30-07-2019 16:40,0,30-07-2019 16:40,P3ECKI02,1907729,0,,,Hikvision
999,10.185.180.176,1,NULL,NULL,NULL,NULL,NULL,NULL,30-07-2019 16:40,1,0000-00-00 00:00:00,P3ECPL02,,,,,Hikvision
1000,10.60.240.204,1,working,working,working,NULL,ok,465ms,30-07-2019 16:40,0,30-07-2019 16:40,P3ENAA05,1907729,1903616,,,Hikvision
1001,10.185.181.28,1,working,working,working,NULL,ok,372ms,30-07-2019 16:40,0,30-07-2019 16:40,P3ENKO02,1907729,0,,,Hikvision
1002,10.185.181.126,1,working,working,working,NULL,ok,450ms,30-07-2019 16:41,0,30-07-2019 16:41,P3ENPT71,1907729,0,2019-05-16T23:41:30Z,,Hikvision
1003,10.185.181.13,1,working,working,working,NULL,ok,571ms,30-07-2019 16:41,0,30-07-2019 16:41,P3ENJU02,1907729,0,2019-07-20T03:37:55Z,,Hikvision
1004,10.60.243.181,1,working,working,working,NULL,ok,544ms,30-07-2019 16:41,0,30-07-2019 16:41,P3ENDI18,1907729,0,2019-07-16T13:53:52Z,,Hikvision
1005,10.60.243.185,0,NULL,NULL,NULL,NULL,NULL,,30-07-2019 16:42,0,0000-00-00 00:00:00,P3ENST34,,,,,Hikvision
1006,10.185.181.186,0,NULL,NULL,NULL,NULL,NULL,,30-07-2019 16:42,0,0000-00-00 00:00:00,P3ECRG02,,,,,Hikvision
1007,10.60.242.107,1,NULL,NULL,NULL,NULL,NULL,NULL,30-07-2019 16:42,1,0000-00-00 00:00:00,201312673,,,,,Hikvision
1008,10.185.181.123,0,NULL,NULL,NULL,NULL,NULL,,30-07-2019 16:42,0,0000-00-00 00:00:00,P1EWMI03,,,,,Hikvision
1009,10.185.181.140,0,working,working,working,NULL,ok,1148ms,30-07-2019 16:42,0,30-07-2019 16:16,P3ENMM02,1907729,0,2019-05-16T18:10:39Z,,Hikvision
1010,10.185.181.41,1,working,working,working,NULL,ok,387ms,30-07-2019 16:43,0,30-07-2019 16:43,P3ENPN82,1907729,0,,,Hikvision
1011,10.60.243.191,1,working,working,working,NULL,ok,750ms,30-07-2019 16:43,0,30-07-2019 16:43,P1EWMI04,1907729,0,2019-05-17T23:23:10Z,,Hikvision
1012,10.185.181.109,1,working,working,working,NULL,ok,749ms,30-07-2019 16:45,0,30-07-2019 16:45,P3ENDI11,1907729,0,2019-05-03T23:12:14Z,,Hikvision
1013,10.185.181.137,1,working,working,working,NULL,ok,217ms,30-07-2019 16:45,0,30-07-2019 16:45,P3ENMM07,1907729,0,2019-06-18T00:24:10Z,,Hikvision
1014,10.60.243.186,0,NULL,NULL,NULL,NULL,NULL,,30-07-2019 16:45,0,0000-00-00 00:00:00,P3ENMG16,,,,,Hikvision
1015,10.60.243.111,0,NULL,NULL,NULL,NULL,NULL,,30-07-2019 16:46,0,0000-00-00 00:00:00,P3ENBW02,,,,,Hikvision
1016,10.185.181.121,0,NULL,NULL,NULL,NULL,NULL,,30-07-2019 16:46,0,0000-00-00 00:00:00,P4ENGP07,,,,,Hikvision
1017,10.60.240.114,1,working,working,working,NULL,unformatted,216ms,30-07-2019 16:46,0,30-07-2019 16:46,P3ENDI10,1907729,0,,,Hikvision
1018,10.185.181.135,1,working,working,working,NULL,ok,586ms,30-07-2019 16:47,0,30-07-2019 16:47,P3ENAA06,1907729,0,,,Hikvision
1019,10.185.180.158,1,working,working,working,NULL,ok,682ms,30-07-2019 16:47,0,30-07-2019 16:47,P3ECBK01,1907729,0,2019-07-09T05:32:38Z,,Hikvision
1020,10.185.181.76,1,working,working,not working,NULL,ok,367ms,30-07-2019 16:47,0,30-07-2019 16:47,P3ENKT02,1907729,0,2019-06-09T19:22:27Z,,Hikvision
1022,10.185.181.131,1,working,working,working,NULL,ok,509ms,30-07-2019 16:47,0,30-07-2019 16:47,P3ENGG69,1907729,0,2019-06-09T16:09:42Z,,Hikvision
1023,10.185.181.78,1,working,working,working,NULL,ok,329ms,30-07-2019 16:48,0,30-07-2019 16:48,P3ENGG72,1907729,0,2019-06-21T14:49:08Z,,Hikvision
1024,10.185.181.112,1,working,working,working,NULL,ok,787ms,30-07-2019 16:49,0,30-07-2019 16:49,P3ENFP06,1907729,0,2019-07-05T16:50:45Z,,Hikvision
1025,10.60.243.167,1,working,working,working,NULL,ok,410ms,30-07-2019 16:49,0,30-07-2019 16:49,P3ENDI13,1907729,0,2019-06-05T15:40:37Z,,Hikvision
1026,10.60.242.154,1,working,working,working,NULL,ok,611ms,30-07-2019 16:50,0,30-07-2019 16:50,P3ENDI15,1907729,0,2019-04-20T15:25:08Z,,Hikvision
1027,10.60.243.182,1,working,working,working,NULL,ok,655ms,30-07-2019 16:50,0,30-07-2019 16:50,P3ENFD93,1907729,0,2019-05-30T12:39:54Z,,Hikvision
1028,10.60.243.79,0,NULL,NULL,NULL,NULL,NULL,,30-07-2019 16:50,0,0000-00-00 00:00:00,P3ENMG22,,,,,Hikvision
1029,10.185.181.108,1,working,working,working,NULL,ok,686ms,30-07-2019 16:51,0,30-07-2019 16:51,P3ENBN32,1907729,0,2019-06-10T14:29:05Z,,Hikvision
1030,10.185.181.136,1,working,working,working,NULL,ok,129ms,30-07-2019 16:51,0,30-07-2019 16:51,P3ENMM11,1907729,0,2019-06-19T08:46:16Z,,Hikvision
1031,10.185.181.34,1,working,working,working,NULL,ok,641ms,30-07-2019 16:52,0,30-07-2019 16:52,P3ENAP03,1907729,0,2019-04-27T12:59:47Z,,Hikvision
1032,10.236.40.232,1,working,working,working,NULL,ok,556ms,30-07-2019 16:52,0,30-07-2019 16:52,P3ENHE28,1907729,0,2019-06-14T04:23:38Z,,Hikvision
1033,10.60.243.173,1,working,working,working,NULL,notexist,675ms,30-07-2019 16:52,0,30-07-2019 16:52,P3ENAL35,0,0,,,Hikvision
1035,10.185.181.95,1,working,working,working,NULL,ok,744ms,30-07-2019 16:53,0,30-07-2019 16:53,P3ENJH21,1907729,0,2019-07-10T08:54:32Z,,Hikvision
1036,10.185.181.67,1,working,working,working,NULL,error,438ms,30-07-2019 16:53,0,30-07-2019 16:53,P3ENJA02,1907729,0,,,Hikvision
1037,10.60.241.91,0,NULL,NULL,NULL,NULL,NULL,,30-07-2019 16:53,0,0000-00-00 00:00:00,P3ENKP19,,,,,Hikvision
1038,10.185.181.65,1,working,working,working,NULL,ok,717ms,30-07-2019 16:54,0,30-07-2019 16:54,P3ENCO36,1907729,0,,,Hikvision
1040,10.60.242.98,1,working,working,working,NULL,ok,767ms,30-07-2019 16:54,0,30-07-2019 16:54,P3ENKP02,1907729,0,2019-06-27T22:47:23Z,,Hikvision
1041,10.60.243.189,1,working,working,working,NULL,ok,575ms,30-07-2019 16:27,0,30-07-2019 16:27,P3ENAL34,1907729,0,,,Hikvision
1042,10.185.181.66,1,working,working,working,NULL,ok,537ms,30-07-2019 16:28,0,30-07-2019 16:28,P3ENHE45,1907729,0,2019-05-03T12:12:10Z,,Hikvision
1043,10.185.181.114,1,working,working,working,NULL,ok,115ms,30-07-2019 16:28,0,30-07-2019 16:28,P3ECTR01,1907729,0,,,Hikvision
1044,10.185.181.144,1,working,working,working,NULL,ok,284ms,30-07-2019 16:28,0,30-07-2019 16:28,P3ENHE44,1907729,0,,,Hikvision
1045,10.185.181.115,0,NULL,NULL,NULL,NULL,NULL,,30-07-2019 16:29,0,0000-00-00 00:00:00,P1DCJM29,,,,,Hikvision
1046,10.185.181.151,0,NULL,NULL,NULL,NULL,NULL,,30-07-2019 16:29,0,0000-00-00 00:00:00,P1DCJM30,,,,,Hikvision
1047,10.185.181.113,1,working,working,working,NULL,ok,109ms,30-07-2019 16:29,0,30-07-2019 16:29,P3ECPL03,1907729,0,,,Hikvision
1048,10.185.181.150,0,NULL,NULL,NULL,NULL,NULL,,30-07-2019 16:30,0,0000-00-00 00:00:00,P3DCGW18,,,,,Hikvision
1049,10.185.181.148,1,working,working,working,NULL,ok,333ms,30-07-2019 16:30,0,30-07-2019 16:30,P3ENHE43,1907729,0,,,Hikvision
1050,10.60.243.123,1,working,working,working,NULL,ok,616ms,30-07-2019 16:30,0,30-07-2019 16:30,P3ENND78,1907729,0,2019-06-14T06:50:59Z,,Hikvision
1051,10.60.243.115,1,working,working,working,NULL,ok,739ms,30-07-2019 16:30,0,30-07-2019 16:30,P3ENND74,1907729,0,2019-06-12T20:18:59Z,,Hikvision
1052,10.185.181.116,1,working,working,working,NULL,ok,634ms,30-07-2019 16:31,0,30-07-2019 16:31,P1DCJM26,1907729,0,,,Hikvision
1053,10.185.181.50,1,working,working,working,NULL,ok,397ms,30-07-2019 16:31,0,30-07-2019 16:31,P3ENPT70,1907729,93184,,,Hikvision
1054,10.60.243.124,1,working,working,not working,NULL,ok,679ms,30-07-2019 16:31,0,30-07-2019 16:31,P3ENKP17,1907729,1142784,,,Hikvision
1055,10.60.241.140,1,working,working,working,NULL,ok,93ms,30-07-2019 16:32,0,30-07-2019 16:32,P3ENBN29,1907729,0,2019-07-10T21:23:26Z,,Hikvision
1057,10.60.243.107,1,working,working,working,NULL,notexist,497ms,30-07-2019 16:32,0,30-07-2019 16:32,P3ENDI09,0,0,,,Hikvision
1058,10.60.243.134,0,working,working,working,NULL,ok,,30-07-2019 16:06,0,30-07-2019 14:26,P3ENPR04,1907729,0,,,Hikvision
1059,10.60.243.103,0,NULL,NULL,NULL,NULL,NULL,,30-07-2019 16:06,0,0000-00-00 00:00:00,P3ENDI20,,,,,Hikvision
1060,10.60.243.146,1,working,working,working,NULL,ok,625ms,30-07-2019 16:06,0,30-07-2019 16:06,P1DCJT01,1907729,162816,,,Hikvision
1061,10.60.243.149,1,working,working,working,NULL,ok,927ms,30-07-2019 16:07,0,30-07-2019 16:07,P3ENMM15,1907729,0,2019-07-02T23:32:18Z,,Hikvision
1062,10.60.243.65,1,working,working,working,NULL,ok,805ms,30-07-2019 16:07,0,30-07-2019 16:07,P3ENAL36,1907729,1297408,,,Hikvision
1063,10.60.243.125,1,working,working,working,NULL,ok,465ms,30-07-2019 16:08,0,30-07-2019 16:08,P3ENND83,1907729,0,2019-04-20T13:03:05Z,,Hikvision
1065,10.185.181.196,1,working,working,working,NULL,ok,649ms,30-07-2019 16:09,0,30-07-2019 16:09,P3ENDI12,1907729,0,2019-06-11T13:12:32Z,,Hikvision
1066,10.60.243.114,1,working,working,working,NULL,ok,121ms,30-07-2019 16:09,0,30-07-2019 16:09,P3ENKP18,1907729,0,2019-07-10T12:18:11Z,,Hikvision
1067,10.60.243.150,1,working,working,working,NULL,ok,450ms,30-07-2019 16:09,0,30-07-2019 16:09,P3ENDI08,1907729,0,2019-06-30T22:05:11Z,,Hikvision
1068,10.185.181.70,1,working,working,working,NULL,,331ms,30-07-2019 16:09,0,30-07-2019 16:09,P3DCHB07,,,,,Hikvision
1069,10.60.243.155,0,working,working,working,NULL,ok,,30-07-2019 16:10,0,30-07-2019 14:29,P3ENNR39,1907729,0,2019-06-16T15:06:16Z,,Hikvision
1070,10.60.243.126,0,NULL,NULL,NULL,NULL,NULL,,30-07-2019 16:10,0,0000-00-00 00:00:00,P3ENFZ03,,,,,Hikvision
1071,10.185.181.94,1,working,working,working,NULL,ok,206ms,30-07-2019 16:11,0,30-07-2019 16:11,P3ECBR01,1907729,324608,2019-04-20T12:21:55Z,,Hikvision
1072,10.185.181.60,1,working,working,working,NULL,ok,344ms,30-07-2019 16:11,0,30-07-2019 16:11,P3DCPR01,1907729,0,2019-07-05T12:49:27Z,,Hikvision
1073,10.185.181.97,1,working,working,working,NULL,ok,735ms,30-07-2019 16:11,0,30-07-2019 16:11,P3ENBR56,1907729,0,,,Hikvision
1074,10.185.181.152,1,working,working,working,NULL,ok,478ms,30-07-2019 16:11,0,30-07-2019 16:11,P3ENJH19,1907729,858112,2019-07-10T09:04:54Z,,Hikvision
1076,10.60.243.145,0,NULL,NULL,NULL,NULL,NULL,,30-07-2019 16:12,0,0000-00-00 00:00:00,P3DCKH04,,,,,Hikvision
1077,10.60.243.110,1,working,working,working,NULL,ok,486ms,30-07-2019 16:12,0,30-07-2019 16:12,P3ENJR06,1907729,0,,,Hikvision
1078,10.185.182.12,1,working,working,working,NULL,ok,656ms,30-07-2019 16:12,0,30-07-2019 16:12,MC014204,1907729,414720,,,Hikvision
1079,10.60.243.116,1,working,working,working,NULL,ok,589ms,30-07-2019 16:13,0,30-07-2019 16:13,P3DCWK01,1907729,442368,2019-05-30T16:19:09Z,,Hikvision
1080,10.60.243.120,1,working,working,working,NULL,ok,830ms,30-07-2019 16:13,0,30-07-2019 16:13,P3DCGD05,1907729,1356800,2019-07-07T15:51:05Z,,Hikvision
1081,10.60.243.119,1,working,working,working,NULL,ok,678ms,30-07-2019 16:13,0,30-07-2019 16:13,P3DCBJ04,1907729,381952,,,Hikvision
1083,10.60.243.121,1,working,working,working,NULL,ok,373ms,30-07-2019 16:13,0,30-07-2019 16:13,P3ENND77,1907729,0,2019-07-11T17:46:44Z,,Hikvision
1084,10.60.243.176,1,working,working,working,NULL,ok,287ms,30-07-2019 16:14,0,30-07-2019 16:14,P3ENDL57,1907729,980992,,,Hikvision
1085,10.185.180.183,1,working,working,working,NULL,ok,119ms,30-07-2019 16:14,0,30-07-2019 16:14,P3ENKJ01,1907729,0,2019-06-24T09:59:59Z,,Hikvision
1086,10.185.181.58,1,working,working,working,NULL,ok,461ms,30-07-2019 16:14,0,30-07-2019 16:14,P3DCMZ09,1907729,0,2019-07-02T00:54:46Z,,Hikvision
1087,10.185.181.166,1,NULL,NULL,NULL,NULL,NULL,NULL,30-07-2019 16:15,1,0000-00-00 00:00:00,P3ENCO37,,,,,Hikvision
1088,10.185.181.178,1,working,working,working,NULL,ok,205ms,30-07-2019 16:15,0,30-07-2019 16:15,P3ECKH01,1907729,31744,2019-07-04T08:21:07Z,,Hikvision
1089,10.185.181.201,0,NULL,NULL,NULL,NULL,NULL,,30-07-2019 16:16,0,0000-00-00 00:00:00,P1DCBH06,,,,,Hikvision
1090,10.185.181.218,1,working,working,working,NULL,ok,256ms,30-07-2019 16:16,0,30-07-2019 16:16,P3ENHE53,1907729,1441792,,,Hikvision
1091,10.60.243.158,1,working,working,working,NULL,ok,526ms,30-07-2019 16:16,0,30-07-2019 16:16,P3ENKI04,1907729,0,,,Hikvision
1092,10.185.181.71,0,working,working,working,NULL,ok,,30-07-2019 16:16,0,30-07-2019 14:35,P3ENWL79,1907729,192512,,,Hikvision
1093,10.60.243.159,1,working,working,working,NULL,ok,513ms,30-07-2019 16:17,0,30-07-2019 16:17,P3ENWL80,1907729,0,,,Hikvision
1094,10.185.181.69,0,NULL,NULL,NULL,NULL,NULL,1096ms,30-07-2019 14:36,0,0000-00-00 00:00:00,P3ENHE49,,,,,Hikvision
1117,10.185.181.72,1,working,working,working,NULL,ok,458ms,30-07-2019 13:32,0,30-07-2019 13:32,P3ENMM14,1907729,0,2019-07-27T16:42:53Z,,Hikvision
1118,10.60.243.118,1,working,working,working,NULL,ok,658ms,30-07-2019 13:32,0,30-07-2019 13:32,P3ENAL37,1907729,0,2019-07-08T19:36:13Z,,Hikvision
1119,10.60.243.122,1,working,working,working,NULL,ok,705ms,30-07-2019 13:33,0,30-07-2019 13:33,P3EWAL10,1907729,1158144,,,Hikvision
1120,10.60.243.106,1,working,working,working,NULL,notexist,603ms,30-07-2019 13:33,0,30-07-2019 13:33,P3ENSP08,0,0,,,Hikvision
1121,10.60.243.127,1,working,working,working,NULL,notexist,758ms,30-07-2019 13:33,0,30-07-2019 13:33,P3ENUP06,1907729,0,,,Hikvision
1122,10.60.243.135,0,NULL,NULL,NULL,NULL,NULL,2257ms,30-07-2019 12:39,0,0000-00-00 00:00:00,P4ENAZ01,,,,,Hikvision
1123,10.185.181.117,1,working,working,working,NULL,ok,773ms,30-07-2019 13:42,0,30-07-2019 13:42,P3ENND84,1907729,0,2019-04-20T13:16:34Z,,Hikvision
1124,10.60.243.152,1,working,working,working,NULL,ok,899ms,30-07-2019 13:43,0,30-07-2019 13:43,P3ECNK06,1907729,0,,,Hikvision
1125,10.185.182.20,0,NULL,NULL,NULL,NULL,NULL,,30-07-2019 13:43,0,0000-00-00 00:00:00,MN000878,,,,,Hikvision
1126,10.60.243.130,1,working,working,working,NULL,ok,736ms,30-07-2019 13:43,0,30-07-2019 13:43,P3ENGK07,1907729,0,2019-04-20T13:28:07Z,,Hikvision
1127,10.185.181.231,1,working,working,working,NULL,error,345ms,30-07-2019 13:44,0,30-07-2019 13:44,P3ENPT73,3950,0,,,Hikvision
1128,10.60.243.160,1,working,working,working,NULL,ok,830ms,30-07-2019 13:44,0,30-07-2019 13:44,P3ENMM17,1907729,1538048,2019-05-27T16:50:12Z,,Hikvision
1129,10.185.181.254,1,working,working,working,NULL,ok,138ms,30-07-2019 13:44,0,30-07-2019 13:44,P3ENCE44,1907729,1902592,,,Hikvision
1130,10.185.181.45,0,NULL,NULL,NULL,NULL,NULL,,30-07-2019 13:44,0,0000-00-00 00:00:00,P3ENGK08,,,,,Hikvision
1131,10.185.181.170,1,working,working,working,NULL,ok,396ms,30-07-2019 13:45,0,30-07-2019 13:45,P3ENRG05,1907729,1418240,,,Hikvision
1132,10.185.181.181,0,NULL,NULL,NULL,NULL,NULL,1187ms,30-07-2019 13:45,0,0000-00-00 00:00:00,P1ECGO04,,,,,Hikvision
1133,10.185.181.169,1,working,working,working,NULL,ok,646ms,30-07-2019 13:45,0,30-07-2019 13:45,P3ENRI24,1907729,1518592,,,Hikvision
1134,10.60.243.156,0,NULL,NULL,NULL,NULL,NULL,,30-07-2019 13:45,0,0000-00-00 00:00:00,P3ENLD05,,,,,Hikvision
1135,10.60.241.246,0,NULL,NULL,NULL,NULL,NULL,,30-07-2019 13:46,0,0000-00-00 00:00:00,P1ECGO02,,,,,Hikvision
1137,10.185.181.191,0,NULL,NULL,NULL,NULL,NULL,,30-07-2019 13:46,0,0000-00-00 00:00:00,P3ENND93,,,,,Hikvision
1138,10.185.181.176,0,NULL,NULL,NULL,NULL,NULL,,30-07-2019 13:46,0,0000-00-00 00:00:00,P3ENME27,,,,,Hikvision
1139,10.185.181.184,1,working,working,working,NULL,ok,552ms,30-07-2019 13:47,0,30-07-2019 13:47,P3ENND91,1907729,1462272,,,Hikvision
1140,10.185.181.175,1,working,working,working,NULL,ok,359ms,30-07-2019 13:47,0,30-07-2019 13:47,MN003105,1907729,0,,,Hikvision
1142,10.185.181.172,1,working,working,working,NULL,ok,723ms,30-07-2019 16:05,0,30-07-2019 16:05,MC003188,1907729,443392,2019-05-13T00:14:51Z,,Hikvision
1143,10.185.181.174,0,NULL,NULL,NULL,NULL,NULL,,30-07-2019 16:06,0,0000-00-00 00:00:00,P3ENMA10,,,,,Hikvision
1144,10.185.181.207,0,NULL,NULL,NULL,NULL,NULL,1029ms,30-07-2019 16:06,0,0000-00-00 00:00:00,P1EWCH55,,,,,Hikvision
1145,10.185.181.173,1,working,working,working,NULL,ok,993ms,30-07-2019 16:07,0,30-07-2019 16:07,P3ENND92,1907729,1577984,2019-05-03T13:31:22Z,,Hikvision
1146,10.185.181.171,0,NULL,NULL,NULL,NULL,NULL,1111ms,30-07-2019 16:07,0,0000-00-00 00:00:00,P3ENRI38,,,,,Hikvision
1147,10.185.181.163,1,working,working,working,NULL,ok,682ms,30-07-2019 16:08,0,30-07-2019 16:08,P3ENCI85,1907729,448512,,,Hikvision
1148,10.185.182.3,0,NULL,NULL,NULL,NULL,NULL,,30-07-2019 16:08,0,0000-00-00 00:00:00,P3ENCB03,,,,,Hikvision
1149,10.185.181.194,1,NULL,NULL,NULL,NULL,NULL,NULL,30-07-2019 16:09,1,0000-00-00 00:00:00,P3ENDI23,,,,,Hikvision
1150,10.60.243.239,0,NULL,NULL,NULL,NULL,NULL,,30-07-2019 16:09,0,0000-00-00 00:00:00,RBL_14490,,,,,Hikvision
1151,10.185.181.167,1,working,working,working,NULL,ok,644ms,30-07-2019 16:10,0,30-07-2019 16:10,P3ECRI04,1907729,0,2019-05-06T23:14:00Z,,Hikvision
1153,10.185.180.114,1,working,working,working,NULL,,538ms,30-07-2019 16:10,0,30-07-2019 16:10,P3ENHE55,,,,,Hikvision
1154,10.60.243.108,1,working,working,working,NULL,ok,400ms,30-07-2019 16:10,0,30-07-2019 16:10,P3ENCE39,1907729,389120,2019-05-10T17:06:20Z,,Hikvision
1155,10.60.243.109,1,working,working,working,NULL,ok,636ms,30-07-2019 16:10,0,30-07-2019 16:10,P1EWCH51,3815447,579584,2019-07-15T11:53:33Z,,Hikvision
1156,10.60.242.10,0,NULL,NULL,NULL,NULL,NULL,,30-07-2019 16:11,0,0000-00-00 00:00:00,MN016860,,,,,Hikvision
1157,10.185.181.20,1,working,working,working,NULL,ok,671ms,30-07-2019 16:11,0,30-07-2019 16:11,P1ECAK01,1907729,849920,,,Hikvision
1158,10.185.181.37,1,working,working,working,NULL,ok,514ms,30-07-2019 16:11,0,30-07-2019 16:11,P3ENUP07,1907729,0,,,Hikvision
1161,192.0.3.19,1,NULL,NULL,NULL,NULL,NULL,NULL,30-07-2019 16:12,1,0000-00-00 00:00:00,P3ECBI03,,,,,Hikvision
1162,192.0.3.18,1,working,working,working,NULL,ok,84ms,30-07-2019 16:12,0,30-07-2019 16:12,P3ENBY01,1907729,674816,2019-05-21T18:04:57Z,,Hikvision
1164,10.185.181.234,1,working,working,working,NULL,ok,327ms,30-07-2019 16:12,0,30-07-2019 16:12,P3ENVW01,1907729,43008,,,Hikvision
1165,10.185.181.195,0,NULL,NULL,NULL,NULL,NULL,,30-07-2019 16:12,0,0000-00-00 00:00:00,P3ENDO06,,,,,Hikvision
1167,10.60.243.242,1,working,working,working,NULL,ok,557ms,30-07-2019 16:13,0,30-07-2019 16:13,P3ENSL05,1907729,148480,2019-07-22T10:06:32Z,,Hikvision
1169,10.185.181.177,1,working,working,working,NULL,ok,351ms,30-07-2019 16:13,0,30-07-2019 16:13,P3ENFB02,1907729,107520,2019-05-26T16:06:59Z,,Hikvision
1171,10.185.181.200,1,working,not working,working,NULL,ok,408ms,30-07-2019 16:14,0,30-07-2019 16:14,P3ENMR02,1907729,0,2019-05-24T14:37:39Z,,Hikvision
1172,10.185.181.192,1,working,working,working,NULL,ok,367ms,30-07-2019 16:14,0,30-07-2019 16:14,P3ECMT05,1907729,481280,2019-05-25T17:55:04Z,,Hikvision
1176,10.185.181.198,1,working,working,working,NULL,,679ms,30-07-2019 16:14,0,30-07-2019 16:14,P3ENND95,,,,,Hikvision
1177,10.60.243.178,0,NULL,NULL,NULL,NULL,NULL,,30-07-2019 16:15,0,0000-00-00 00:00:00,P3ENND94,,,,,Hikvision
1186,10.60.242.207,1,working,working,working,NULL,ok,723ms,30-07-2019 16:15,0,30-07-2019 16:15,P3ENBN46,1907729,0,2019-05-14T12:22:03Z,,Hikvision
1189,10.60.243.193,0,NULL,NULL,NULL,NULL,NULL,,30-07-2019 16:15,0,0000-00-00 00:00:00,P3ENVR69,,,,,Hikvision
1196,192.0.3.17,0,NULL,NULL,NULL,NULL,NULL,,30-07-2019 16:16,0,0000-00-00 00:00:00,P3ENAA10,,,,,Hikvision
1200,10.60.243.6,1,working,working,working,NULL,ok,779ms,30-07-2019 16:16,0,30-07-2019 16:16,P3ENBN43,1907729,0,2019-05-07T19:47:30Z,,Hikvision
1201,10.60.242.240,1,working,working,working,NULL,ok,938ms,30-07-2019 16:16,0,30-07-2019 16:16,P3ENBN44,1907729,0,2019-05-15T12:33:10Z,,Hikvision
1202,10.185.182.31,0,NULL,NULL,NULL,NULL,NULL,,30-07-2019 16:17,0,0000-00-00 00:00:00,H04184,,,,,Hikvision
1203,10.185.181.204,1,NULL,NULL,NULL,NULL,NULL,NULL,30-07-2019 16:17,1,0000-00-00 00:00:00,P3ENHS02,,,,,Hikvision
1204,10.185.181.241,0,NULL,NULL,NULL,NULL,NULL,,30-07-2019 16:18,0,0000-00-00 00:00:00,P3ENPU58,,,,,Hikvision
1209,10.60.243.136,0,NULL,NULL,NULL,NULL,NULL,,30-07-2019 16:18,0,0000-00-00 00:00:00,P3ENLK21,,,,,Hikvision
1210,10.185.181.250,1,working,working,working,NULL,ok,400ms,30-07-2019 16:18,0,30-07-2019 16:18,P3ENNE11,1907729,1257472,,,Hikvision
1213,10.185.181.243,1,NULL,NULL,NULL,NULL,NULL,NULL,30-07-2019 16:18,1,0000-00-00 00:00:00,P3ENTP12,,,,,Hikvision
1219,10.185.182.7,1,working,working,working,NULL,ok,410ms,30-07-2019 16:19,0,30-07-2019 16:19,P3ENNE12,1907729,0,,,Hikvision
1220,10.185.182.36,1,working,working,working,NULL,ok,335ms,30-07-2019 16:19,0,30-07-2019 16:19,P3ENNE13,1907729,0,,,Hikvision
1221,10.185.182.47,1,working,working,working,NULL,ok,818ms,30-07-2019 16:20,0,30-07-2019 16:20,P3ENBT09,1907729,339968,2019-06-06T08:31:50Z,,Hikvision
1222,10.185.182.53,1,working,working,working,NULL,ok,377ms,30-07-2019 16:20,0,30-07-2019 16:20,P3ENBT10,1907729,0,2019-06-06T19:10:37Z,,Hikvision
1227,10.185.182.54,1,working,working,working,NULL,ok,432ms,30-07-2019 16:20,0,30-07-2019 16:20,H03986,1907729,1467392,2019-07-17T12:28:41Z,,Hikvision
1229,10.185.182.55,0,NULL,NULL,NULL,NULL,NULL,,30-07-2019 16:21,0,0000-00-00 00:00:00,H03959,,,,,Hikvision
1230,10.185.182.49,1,NULL,NULL,NULL,NULL,NULL,NULL,30-07-2019 16:22,1,0000-00-00 00:00:00,H03639,,,,,Hikvision
1233,192.0.3.4,1,NULL,NULL,NULL,NULL,NULL,NULL,30-07-2019 16:22,1,0000-00-00 00:00:00,P3ENDI25,,,,,Hikvision
1235,192.0.3.14,0,NULL,NULL,NULL,NULL,NULL,,30-07-2019 16:23,0,0000-00-00 00:00:00,MC002943,,,,,Hikvision
1236,192.0.3.15,1,working,working,working,NULL,notexist,137ms,30-07-2019 16:23,0,30-07-2019 16:23,MC002942,0,0,,,Hikvision
1281,10.185.181.252,1,working,working,working,NULL,ok,422ms,30-07-2019 16:45,0,30-07-2019 16:45,P3ENKL01,1907729,1292288,2019-06-28T17:22:30Z,,Hikvision
1282,10.60.243.232,0,working,working,working,NULL,ok,,30-07-2019 16:46,0,30-07-2019 16:41,H03704,1907729,1295360,,,Hikvision
1283,192.0.3.7,1,working,working,working,NULL,ok,197ms,30-07-2019 16:46,0,30-07-2019 16:46,P3ENND97,1907729,1223680,2019-06-26T00:08:03Z,,Hikvision
1284,192.0.3.12,1,NULL,NULL,NULL,NULL,NULL,NULL,30-07-2019 16:46,1,0000-00-00 00:00:00,P3ENJG12,,,,,Hikvision
1285,10.60.243.236,0,NULL,NULL,NULL,NULL,NULL,,30-07-2019 16:47,0,0000-00-00 00:00:00,MN002604,,,,,Hikvision
1286,192.0.3.16,1,NULL,NULL,NULL,NULL,NULL,NULL,30-07-2019 16:47,1,0000-00-00 00:00:00,P3ENFD95,,,,,Hikvision
1288,10.185.181.210,1,working,working,working,NULL,ok,349ms,30-07-2019 16:54,0,30-07-2019 16:54,P3ECPC01,1907729,1514496,,,Hikvision
1289,192.0.3.22,1,NULL,NULL,NULL,NULL,NULL,NULL,30-07-2019 16:54,1,0000-00-00 00:00:00,P3ENJG15,,,,,Hikvision
1290,192.0.3.23,1,NULL,NULL,NULL,NULL,NULL,NULL,30-07-2019 16:54,1,0000-00-00 00:00:00,P3ENBN45,,,,,Hikvision
1291,192.0.3.25,1,working,working,working,NULL,ok,109ms,30-07-2019 16:43,0,30-07-2019 16:43,H03925,1907729,1286144,2019-07-18T13:52:50Z,,Hikvision
1293,192.0.3.30,1,NULL,NULL,NULL,NULL,NULL,NULL,30-07-2019 16:43,1,0000-00-00 00:00:00,H03922,,,,,Hikvision
1294,192.0.3.31,1,NULL,NULL,NULL,NULL,NULL,,30-07-2019 16:44,1,0000-00-00 00:00:00,P3ENHE60,,,,,Hikvision
1295,192.0.3.22,1,NULL,NULL,NULL,NULL,NULL,NULL,30-07-2019 16:54,1,0000-00-00 00:00:00,H04117,,,,,Hikvision
